,date_time,user_name,text,year_month,year_month_day,hour,weekday,user_class
0,2023-09-07 22:18:34,조희,"""조희님이 들어왔습니다.운영정책을 위반한 메시지로 신고 접수 시 카카오톡 이용에 제한이 있을 수 있습니다.""
",2023-09,2023-09-07,22,Thursday,Not defined
1,2023-09-07 22:52:51,귀여운고래-노비스-,"""귀여운고래-노비스-님이 들어왔습니다.""",2023-09,2023-09-07,22,Thursday,노비스
2,2023-09-07 23:28:30,슈퍼노멀,"""모두 반갑습니다 😁 """,2023-09,2023-09-07,23,Thursday,Not defined
3,2023-09-07 23:28:46,월 순수익 2억,"""어서오세요~~😄""",2023-09,2023-09-07,23,Thursday,Not defined
4,2023-09-07 23:31:44,글로리 - 운영진,"""반갑습니다 :) """,2023-09,2023-09-07,23,Thursday,운영진
5,2023-09-07 23:32:27,조희,"""반갑습니다 ㅎㅎ""",2023-09,2023-09-07,23,Thursday,Not defined
6,2023-09-07 23:34:24,다올,"""다올님이 들어왔습니다.""",2023-09,2023-09-07,23,Thursday,Not defined
7,2023-09-07 23:39:28,릴모,"""릴모님이 들어왔습니다.""",2023-09,2023-09-07,23,Thursday,Not defined
8,2023-09-07 23:48:48,하드위키,"""하드위키님이 들어왔습니다.""",2023-09,2023-09-07,23,Thursday,Not defined
9,2023-09-08 00:16:20,정성우,"""반갑습니다!!!""",2023-09,2023-09-08,0,Friday,Not defined
10,2023-09-08 00:18:11,월 순수익 2억,"""이모티콘""",2023-09,2023-09-08,0,Friday,Not defined
11,2023-09-08 01:02:49,레미⭐️,"""레미⭐️님이 들어왔습니다.""",2023-09,2023-09-08,1,Friday,Not defined
12,2023-09-08 06:56:55,호호 부는 튜브,"""안녕하세요!""",2023-09,2023-09-08,6,Friday,Not defined
13,2023-09-08 07:27:33,슈퍼노멀,"""안녕하세요 😄 """,2023-09,2023-09-08,7,Friday,Not defined
14,2023-09-08 07:39:55,포토잼이 노비스,"""반갑습니다~~~오늘하루 화이팅이요^^""",2023-09,2023-09-08,7,Friday,노비스
15,2023-09-08 08:30:48,와인농장 - 노비스,"""와인농장 - 노비스님이 들어왔습니다.""",2023-09,2023-09-08,8,Friday,노비스
16,2023-09-08 08:41:42,김현아,"""어느덧 금요일이네요!! 다들 오늘도 홧팅입니다 ㅎㅎ""",2023-09,2023-09-08,8,Friday,Not defined
17,2023-09-08 09:12:04,타주,"""타주님이 들어왔습니다.""",2023-09,2023-09-08,9,Friday,Not defined
18,2023-09-08 09:15:23,쏘 노비스,"""쏘 노비스님이 들어왔습니다.""",2023-09,2023-09-08,9,Friday,노비스
19,2023-09-08 09:22:12,슈퍼노멀,"""사진""",2023-09,2023-09-08,9,Friday,Not defined
20,2023-09-08 09:24:55,슈퍼노멀,"""출판되자마자 읽었던 신사임당 주언규님의 슈퍼노멀에 있는 글귀인데요. 여기 계신 분들과의 2주 챌린지 동안 동료로 함께 성과 내보아요^^""",2023-09,2023-09-08,9,Friday,Not defined
21,2023-09-08 09:26:05,쏘 노비스,"""좋은글 감사합니다~저도 이책 사놓고 아직 다 못읽었는데 읽어봐야겠어요!""",2023-09,2023-09-08,9,Friday,노비스
22,2023-09-08 09:26:37,김현아,"""오 ㅎㅎ 좋네용 오전부터 좋은 글귀 공유 감사합니다~!!""",2023-09,2023-09-08,9,Friday,Not defined
23,2023-09-08 09:28:45,슈퍼노멀,"""사진 2장""",2023-09,2023-09-08,9,Friday,Not defined
24,2023-09-08 09:30:41,슈퍼노멀,"""'빨리 가려면 혼자 가고, 멀리 가려면 함께 가라.' 많은 분들도 많이 알고 있는 격언이지만, 정말 공감하는 말입니다!오늘도 우리 화이팅이요^^""
",2023-09,2023-09-08,9,Friday,Not defined
25,2023-09-08 09:35:03,쏘 노비스,"""네~화이팅입니다^^""",2023-09,2023-09-08,9,Friday,노비스
26,2023-09-08 09:43:35,마에-노비스,"""마에-노비스님이 들어왔습니다.""",2023-09,2023-09-08,9,Friday,노비스
27,2023-09-08 10:08:41,현정-노비즈,"""현정-노비즈님이 들어왔습니다.""",2023-09,2023-09-08,10,Friday,Not defined
28,2023-09-08 10:26:42,글로리 - 운영진,"""책내용 감사합니다 ㅎㅎ 좋네요! """,2023-09,2023-09-08,10,Friday,운영진
29,2023-09-08 10:30:22,용지 - 노비스,"""감사합니다 ㅎㅎ""",2023-09,2023-09-08,10,Friday,노비스
30,2023-09-08 11:42:56,배당귀족 - 노비스,"""우리 모두 시작은 미약하지만 계속해서 도전하다 보면 우리가 슈퍼노말이 되고 누군가는 아무것도 없는 우리가 급성장한 모습을 롤모델 삼아서 발전할 것 같습니다. 꾸준하게 파이팅입니다.""",2023-09,2023-09-08,11,Friday,노비스
31,2023-09-08 11:43:42,쏘니헨리/월천부자,"""승인 후 초반에 수익화 글쓰기할때는 적당히 외부 유입 유도해야겠죠..??""",2023-09,2023-09-08,11,Friday,Not defined
32,2023-09-08 12:32:16,월 순수익 2억,"""그러면 좋을 것 같네요~!""",2023-09,2023-09-08,12,Friday,Not defined
33,2023-09-08 12:36:26,lifehacker,"""lifehacker님이 들어왔습니다.""",2023-09,2023-09-08,12,Friday,Not defined
34,2023-09-08 12:45:45,보기맘 - 노비스,"""보기맘 - 노비스님이 들어왔습니다.""",2023-09,2023-09-08,12,Friday,노비스
35,2023-09-08 12:45:55,보기맘 - 노비스,"""안녕하세요""",2023-09,2023-09-08,12,Friday,노비스
36,2023-09-08 12:46:04,글로리 - 운영진,"""안녕하세요^^""",2023-09,2023-09-08,12,Friday,운영진
37,2023-09-08 12:46:17,월 순수익 2억,"""안녕하세요~😄""",2023-09,2023-09-08,12,Friday,Not defined
38,2023-09-08 12:46:20,보기맘 - 노비스,"""닉네임 똑같이 바꾸겟숨돵!""",2023-09,2023-09-08,12,Friday,노비스
39,2023-09-08 12:46:46,월 순수익 2억,"""감사합니다~!""",2023-09,2023-09-08,12,Friday,Not defined
40,2023-09-08 12:49:54,보기맘 - 노비스,"""보기맘 - 노비스님이 나갔습니다.""",2023-09,2023-09-08,12,Friday,노비스
41,2023-09-08 12:50:16,보기맘 - 노비스,"""보기맘 - 노비스님이 들어왔습니다.""",2023-09,2023-09-08,12,Friday,노비스
42,2023-09-08 12:50:20,보기맘 - 노비스,"""안녕하세요!""",2023-09,2023-09-08,12,Friday,노비스
43,2023-09-08 12:50:44,월 순수익 2억,"""바꾸고 오셨군요! ㅎㅎ""",2023-09,2023-09-08,12,Friday,Not defined
44,2023-09-08 12:50:53,보기맘 - 노비스,"""네 ㅎㅎ""",2023-09,2023-09-08,12,Friday,노비스
45,2023-09-08 13:10:48,정성우,"""반갑읍니당""",2023-09,2023-09-08,13,Friday,Not defined
46,2023-09-08 13:10:54,정성우,"""다들 2일후부터""",2023-09,2023-09-08,13,Friday,Not defined
47,2023-09-08 13:10:56,정성우,"""파이팅하시죠!!!!""",2023-09,2023-09-08,13,Friday,Not defined
48,2023-09-08 13:11:05,월 순수익 2억,"""파이팅입니다!!!!!!!""",2023-09,2023-09-08,13,Friday,Not defined
49,2023-09-08 14:25:47,ruby,"""ruby님이 들어왔습니다.""",2023-09,2023-09-08,14,Friday,Not defined
50,2023-09-08 15:22:47,GLB,"""GLB님이 들어왔습니다.""",2023-09,2023-09-08,15,Friday,Not defined
51,2023-09-08 17:05:23,박지운 - 노비스,"""박지운 - 노비스님이 들어왔습니다.""",2023-09,2023-09-08,17,Friday,노비스
52,2023-09-08 17:07:18,대형사고,"""대형사고님이 들어왔습니다.""",2023-09,2023-09-08,17,Friday,Not defined
53,2023-09-08 18:01:12,꾸자사모,"""꾸자사모님이 들어왔습니다.""",2023-09,2023-09-08,18,Friday,Not defined
54,2023-09-08 18:02:52,허성빈,"""다들 안녕하세요~""",2023-09,2023-09-08,18,Friday,Not defined
55,2023-09-08 18:03:08,월 순수익 2억,"""다들 어서오세요~!""",2023-09,2023-09-08,18,Friday,Not defined
56,2023-09-08 18:03:18,꾸자사모,"""안녕하세요~~""",2023-09,2023-09-08,18,Friday,Not defined
57,2023-09-08 18:04:25,정성우,"""반갑읍니다!!!""",2023-09,2023-09-08,18,Friday,Not defined
58,2023-09-08 18:04:44,글로리 - 운영진,"""다들 어서오세요~!^^""",2023-09,2023-09-08,18,Friday,운영진
59,2023-09-08 18:12:52,디노디노1-노비스,"""디노디노1-노비스님이 들어왔습니다.""",2023-09,2023-09-08,18,Friday,노비스
60,2023-09-08 18:16:51,올이지 - 운영진,"""새로오신분들 반갑습니다~~!ㅎㅎ""",2023-09,2023-09-08,18,Friday,운영진
61,2023-09-08 18:18:23,박지운 - 노비스,"""안녕하세요""",2023-09,2023-09-08,18,Friday,노비스
62,2023-09-08 18:20:32,디노디노1-노비스,"""안녕하세요 """,2023-09,2023-09-08,18,Friday,노비스
63,2023-09-08 18:32:33,노란배추잎-노비스,"""노란배추잎-노비스님이 들어왔습니다.""",2023-09,2023-09-08,18,Friday,노비스
64,2023-09-08 18:50:52,바미애미 - 노비스,"""바미애미 - 노비스님이 들어왔습니다.""",2023-09,2023-09-08,18,Friday,노비스
65,2023-09-08 19:16:07,우마드,"""우마드님이 들어왔습니다.""",2023-09,2023-09-08,19,Friday,Not defined
66,2023-09-08 19:47:42,rosita,"""rosita님이 들어왔습니다.""",2023-09,2023-09-08,19,Friday,Not defined
67,2023-09-08 20:04:44,아이스크림 든 네오,"""아이스크림 든 네오님이 들어왔습니다.""",2023-09,2023-09-08,20,Friday,Not defined
68,2023-09-08 20:15:38,정성우,"""안녕하세요!!!!! """,2023-09,2023-09-08,20,Friday,Not defined
69,2023-09-08 20:15:40,정성우,"""이모티콘""",2023-09,2023-09-08,20,Friday,Not defined
70,2023-09-08 20:21:54,nj48 - 노비스,"""nj48 - 노비스님이 들어왔습니다.""",2023-09,2023-09-08,20,Friday,노비스
71,2023-09-08 20:22:02,nj48 - 노비스,"""안녕하세용""",2023-09,2023-09-08,20,Friday,노비스
72,2023-09-08 20:22:21,Doori,"""안녕하세용""",2023-09,2023-09-08,20,Friday,Not defined
73,2023-09-08 20:23:04,허성빈,"""안녕하세요!!!!""",2023-09,2023-09-08,20,Friday,Not defined
74,2023-09-08 20:23:26,rosita,"""안녕하세요~ """,2023-09,2023-09-08,20,Friday,Not defined
75,2023-09-08 20:29:07,노란배추잎-노비스,"""환영해용!""",2023-09,2023-09-08,20,Friday,노비스
76,2023-09-08 20:35:05,정성우,"""반갑습니다 !!!""",2023-09,2023-09-08,20,Friday,Not defined
77,2023-09-08 21:42:23,민마드,"""민마드님이 들어왔습니다.""",2023-09,2023-09-08,21,Friday,Not defined
78,2023-09-09 03:15:53,슈어걸,"""슈어걸님이 들어왔습니다.""",2023-09,2023-09-09,3,Saturday,Not defined
79,2023-09-09 06:09:45,안지-노비스,"""안지-노비스님이 들어왔습니다.""",2023-09,2023-09-09,6,Saturday,노비스
80,2023-09-09 08:15:41,슈퍼노멀,"""Google에서 검색하는 방법 - Google 검색 고객센터 - https://support.google.com/websearch/answer/134479?hl=ko&sa=X&ved=2ahUKEwjL_67whdnvAhWRXcAKHbFED0AQjfsDegQIAhAB&sjid=14617799487722116599-AP""",2023-09,2023-09-09,8,Saturday,Not defined
81,2023-09-09 08:16:53,슈퍼노멀,"""""""사용자 입장에서의 검색하는 방법""""인데, 우린 여기서 """"생산자 입장에서 우리가 검색이 잘 되게 하려면 이렇게 해야한다""""의 지침이 될 수 있겠네요. 읽어보시고 글 쓰실때 참고 하세요^^""",2023-09,2023-09-09,8,Saturday,Not defined
82,2023-09-09 08:17:32,보기맘 - 노비스,"""오와 감사합니다 : ) 완전 도움이 될 것 같아요!!""",2023-09,2023-09-09,8,Saturday,노비스
83,2023-09-09 08:21:01,슈퍼노멀,"""사진""",2023-09,2023-09-09,8,Saturday,Not defined
84,2023-09-09 08:24:00,슈퍼노멀,"""구글에서 검색하는 방법중에 있는 말인데요. 저는 글에 영어가 있을때 대문자써야 하나 소문자 써야하나 고민했는데, 쓸데없는 고민이었네요^^;오늘도 실천하는 하루 되세요^^""
",2023-09,2023-09-09,8,Saturday,Not defined
85,2023-09-09 10:06:14,오아시스 - 노비스,"""오아시스 - 노비스님이 들어왔습니다.""",2023-09,2023-09-09,10,Saturday,노비스
86,2023-09-09 18:00:50,JJF,"""JJF님이 들어왔습니다.""",2023-09,2023-09-09,18,Saturday,Not defined
87,2023-09-09 19:07:46,꼬마이엔티,"""꼬마이엔티님이 들어왔습니다.""",2023-09,2023-09-09,19,Saturday,Not defined
88,2023-09-09 19:08:03,꼬마이엔티,"""안녕하세요!!""",2023-09,2023-09-09,19,Saturday,Not defined
89,2023-09-09 19:08:08,꼬마이엔티,"""이모티콘""",2023-09,2023-09-09,19,Saturday,Not defined
90,2023-09-09 19:08:58,허성빈,"""안녕하세욥!!!""",2023-09,2023-09-09,19,Saturday,Not defined
91,2023-09-09 19:09:00,김현아,"""반갑습니다~!""",2023-09,2023-09-09,19,Saturday,Not defined
92,2023-09-09 19:15:42,nj48 - 노비스,"""이모티콘""",2023-09,2023-09-09,19,Saturday,노비스
93,2023-09-09 19:23:49,꾸자사모,"""안녕하세열~""",2023-09,2023-09-09,19,Saturday,Not defined
94,2023-09-09 19:32:36,월 순수익 2억,"""어서오세요~""",2023-09,2023-09-09,19,Saturday,Not defined
95,2023-09-09 19:34:32,정성우,"""어서오세여!!!""",2023-09,2023-09-09,19,Saturday,Not defined
96,2023-09-09 19:39:06,무감정,"""무감정님이 들어왔습니다.""",2023-09,2023-09-09,19,Saturday,Not defined
97,2023-09-09 19:42:56,슈퍼노멀,"""안녕하세요 😄 """,2023-09,2023-09-09,19,Saturday,Not defined
98,2023-09-09 20:29:01,꼬마이엔티,"""반갑습니다""",2023-09,2023-09-09,20,Saturday,Not defined
99,2023-09-09 20:29:55,노란배추잎-노비스,"""반가워요!!""",2023-09,2023-09-09,20,Saturday,노비스
100,2023-09-09 20:45:23,올이지 - 운영진,"""어서오세요~!""",2023-09,2023-09-09,20,Saturday,운영진
101,2023-09-09 20:59:46,폭풍성장-노비스,"""폭풍성장-노비스님이 들어왔습니다.""",2023-09,2023-09-09,20,Saturday,노비스
102,2023-09-09 21:06:05,태평양금붕어,"""태평양금붕어님이 들어왔습니다.""",2023-09,2023-09-09,21,Saturday,Not defined
103,2023-09-09 21:33:26,꼬마이엔티,"""이모티콘""",2023-09,2023-09-09,21,Saturday,Not defined
104,2023-09-09 21:37:29,열공 피치,"""열공 피치님이 들어왔습니다.""",2023-09,2023-09-09,21,Saturday,Not defined
105,2023-09-09 22:00:42,저니,"""저니님이 들어왔습니다.""",2023-09,2023-09-09,22,Saturday,Not defined
106,2023-09-09 22:14:57,꾸자사모,"""어서오세용!""",2023-09,2023-09-09,22,Saturday,Not defined
107,2023-09-09 22:15:21,열공 피치,"""안녕하세요!""",2023-09,2023-09-09,22,Saturday,Not defined
108,2023-09-09 23:07:03,글로리 - 운영진,"""반갑습니다 :)""",2023-09,2023-09-09,23,Saturday,운영진
109,2023-09-09 23:07:17,태평양금붕어,"""안녕하세요!""",2023-09,2023-09-09,23,Saturday,Not defined
110,2023-09-09 23:08:30,nj48 - 노비스,"""내일이 챌린지 시작입니당""",2023-09,2023-09-09,23,Saturday,노비스
111,2023-09-09 23:08:36,nj48 - 노비스,"""다들 파이팅 해보자구요""",2023-09,2023-09-09,23,Saturday,노비스
112,2023-09-09 23:08:45,월 순수익 2억,"""파이팅입니다앙~~!!""",2023-09,2023-09-09,23,Saturday,Not defined
113,2023-09-09 23:08:59,조희,"""화이팅입니다 ~~""",2023-09,2023-09-09,23,Saturday,Not defined
114,2023-09-09 23:09:16,nj48 - 노비스,"""이모티콘""",2023-09,2023-09-09,23,Saturday,노비스
115,2023-09-09 23:16:09,호호 부는 튜브,"""화이팅!!""",2023-09,2023-09-09,23,Saturday,Not defined
116,2023-09-09 23:20:41,허성빈,"""파이팅!!!""",2023-09,2023-09-09,23,Saturday,Not defined
117,2023-09-09 23:44:16,김현아,"""홧팅입니다!!!🔥🔥""",2023-09,2023-09-09,23,Saturday,Not defined
118,2023-09-09 23:44:39,태평양금붕어,"""화이팅이요!!""",2023-09,2023-09-09,23,Saturday,Not defined
119,2023-09-09 23:45:00,슈퍼노멀,"""이모티콘""",2023-09,2023-09-09,23,Saturday,Not defined
120,2023-09-09 23:45:38,꾸자사모,"""글쓰다 싸이트가 갑자기 멈췃네여 쩝 ㅎㅎ;;""",2023-09,2023-09-09,23,Saturday,Not defined
121,2023-09-09 23:51:21,허성빈,"""잠시 쉬어가라고 멈췄나 보네요.""",2023-09,2023-09-09,23,Saturday,Not defined
122,2023-09-09 23:51:28,허성빈,"""키워드 서치 타임 한번 가지시죠""",2023-09,2023-09-09,23,Saturday,Not defined
123,2023-09-09 23:51:32,김현아,"""불토!!! 멋지십니당""",2023-09,2023-09-09,23,Saturday,Not defined
124,2023-09-10 00:01:50,꾸자사모,"""넵넵 ㅎㅎ 잠깐 쉬엇다 다시 해야겟슴돵!!""",2023-09,2023-09-10,0,Sunday,Not defined
125,2023-09-10 00:02:33,월 순수익 2억,"""이제 오늘부터 시작이네요!!!""",2023-09,2023-09-10,0,Sunday,Not defined
126,2023-09-10 00:02:48,월 순수익 2억,"""다들 화이팅입니다👍👍""",2023-09,2023-09-10,0,Sunday,Not defined
127,2023-09-10 00:03:02,김현아,"""홧팅입니다!!! 저는 오늘 새벽 불태워보겠읍니다""",2023-09,2023-09-10,0,Sunday,Not defined
128,2023-09-10 00:03:24,월 순수익 2억,"""역시..! 대단하십니다 ㅎㅎ""",2023-09,2023-09-10,0,Sunday,Not defined
129,2023-09-10 00:09:13,오픈채팅봇,"""오픈채팅봇님이 들어왔습니다.""",2023-09,2023-09-10,0,Sunday,Bot
130,2023-09-10 00:09:14,오픈채팅봇,"""앞으로 오픈채팅봇의 자동응답을 이용하실 수 있습니다. 지금 오픈채팅봇 소개를 확인해보세요!""",2023-09,2023-09-10,0,Sunday,Bot
131,2023-09-10 00:09:20,김현아,"""흑흑 요즘 잘 신경 못 썼어서... 정신 좀 차리려구요 ㅋㅋㅋㅋ ㅠㅠ챌린지 홧팅입니다~~!""
",2023-09,2023-09-10,0,Sunday,Not defined
132,2023-09-10 00:10:43,글로리 - 운영진,"""톡게시판 '공지': 1일 차 미션- 1) 워드프레스에 입문 하게 된 계기 ( 현재 하고 있는 일, 고충 등 )
2) 로알남 유튜브 영상(쇼츠 포함) 가장 인상 깊었던 영상과 이유, 목표 월 수익
게시글 작성 후 채팅방에 1일차 인증 메세지와 함께 링크 보내주시면 됩니다.""
",2023-09,2023-09-10,0,Sunday,운영진
133,2023-09-10 00:12:17,글로리 - 운영진,"""1일차 미션 공지 드립니다 :) 1-3일차는 미션을 드리니, 해당 일차에는 공지사항을 확인하시어 참여 잘 부탁드리겠습니다!^^""",2023-09,2023-09-10,0,Sunday,운영진
134,2023-09-10 00:13:55,허성빈,"""다들 파이팅입니다!!! 함께 하면 할수있어요!!""",2023-09,2023-09-10,0,Sunday,Not defined
135,2023-09-10 00:14:59,글로리 - 운영진,"""다들 화이팅입니다!^^""",2023-09,2023-09-10,0,Sunday,운영진
136,2023-09-10 00:15:43,월 순수익 2억,"""파이팅입니다!!!!!😆😆""",2023-09,2023-09-10,0,Sunday,Not defined
137,2023-09-10 00:48:50,현정-노비즈,"""이거 10일부터이지요?""",2023-09,2023-09-10,0,Sunday,Not defined
138,2023-09-10 00:49:24,현정-노비즈,"""1일차 미션은 10일 미션인가요?""",2023-09,2023-09-10,0,Sunday,Not defined
139,2023-09-10 00:49:31,월 순수익 2억,"""네! 12시 지났으니 오늘부터 입니다!""",2023-09,2023-09-10,0,Sunday,Not defined
140,2023-09-10 00:50:08,현정-노비즈,"""ㅋㅋ 왜 제 폰에는 오늘이 9일로뜨죠^^;;;""",2023-09,2023-09-10,0,Sunday,Not defined
141,2023-09-10 00:50:31,태평양금붕어,"""파이팅!!!""",2023-09,2023-09-10,0,Sunday,Not defined
142,2023-09-10 00:50:42,월 순수익 2억,"""오잉.. 뭔가 폰에 문제가 있나봐요 ㅠㅠㅠ""",2023-09,2023-09-10,0,Sunday,Not defined
143,2023-09-10 00:51:02,허성빈,"""헉 혹시 외국이신가요""",2023-09,2023-09-10,0,Sunday,Not defined
144,2023-09-10 00:51:04,허성빈,"""시차 ㄷㄷ""",2023-09,2023-09-10,0,Sunday,Not defined
145,2023-09-10 00:51:20,허성빈,"""폰 시간 설정 들어가셔서 한번 바뀌보셔요""",2023-09,2023-09-10,0,Sunday,Not defined
146,2023-09-10 00:51:36,배한결,"""사실 오늘은 9일입니다""",2023-09,2023-09-10,0,Sunday,Not defined
147,2023-09-10 00:51:41,배한결,"""여러분들 모두 오늘 9일로 세팅하세요""",2023-09,2023-09-10,0,Sunday,Not defined
148,2023-09-10 00:52:53,허성빈,"""설정 ㅡ 날짜 및 시간 설정 한번 들어가보셔서 만져보세요""",2023-09,2023-09-10,0,Sunday,Not defined
149,2023-09-10 00:53:03,허성빈,"""갤럭시 기준입니다""",2023-09,2023-09-10,0,Sunday,Not defined
150,2023-09-10 00:55:48,현정-노비즈,""";;;""",2023-09,2023-09-10,0,Sunday,Not defined
151,2023-09-10 00:56:42,현정-노비즈,"""이제야 바꼈네요~;;;  폰도 게을러~""",2023-09,2023-09-10,0,Sunday,Not defined
152,2023-09-10 00:56:54,월 순수익 2억,"""ㅋㅋㅋㅋㅋㅋㅋㅋ""",2023-09,2023-09-10,0,Sunday,Not defined
153,2023-09-10 00:57:33,김현아,"""ㅋㅋㅋㅋㅋㅋㅋ""",2023-09,2023-09-10,0,Sunday,Not defined
154,2023-09-10 00:58:08,Doori,"""그 오늘부터 이제 시작이니까""",2023-09,2023-09-10,0,Sunday,Not defined
155,2023-09-10 00:58:18,Doori,"""오늘 미션은 내일 오후12시 전까지로 올리면 괜찮은거죵?!""",2023-09,2023-09-10,0,Sunday,Not defined
156,2023-09-10 00:58:42,Doori,"""11일 오후12시""",2023-09,2023-09-10,0,Sunday,Not defined
157,2023-09-10 00:59:15,글로리 - 운영진,"""네 맞습니다. """,2023-09,2023-09-10,0,Sunday,운영진
158,2023-09-10 00:59:23,월 순수익 2억,"""오후 11시 59분 59초면 전이면 될 것 같네요!""",2023-09,2023-09-10,0,Sunday,Not defined
159,2023-09-10 01:02:27,배당귀족 - 노비스,"""어떻게 하라는건지 잘 모르겠네요 1,2번을 제 블로그에 쓰고 링크를 보내달라는 건가요?""",2023-09,2023-09-10,1,Sunday,노비스
160,2023-09-10 01:04:38,글로리 - 운영진,"""1.2번 내용을 카페에 쓰고 해당 게시글 링크와 함께 1일차 인증이라 하고 여기 단톡방에다 올려주시면 된다는 말입니다. """,2023-09,2023-09-10,1,Sunday,운영진
161,2023-09-10 01:06:57,배당귀족 - 노비스,"""링크는 어떤 링크를 보내면 되나요?""",2023-09,2023-09-10,1,Sunday,노비스
162,2023-09-10 01:07:04,현정-노비즈,"""매일 미션이 있는거지요?""",2023-09,2023-09-10,1,Sunday,Not defined
163,2023-09-10 01:07:53,글로리 - 운영진,"""미션글 게시글 링크입니다. """,2023-09,2023-09-10,1,Sunday,운영진
164,2023-09-10 01:08:53,글로리 - 운영진,"""로마드에 미션은 1-3일차만 있다고 공지에 적혀있습니다. """,2023-09,2023-09-10,1,Sunday,운영진
165,2023-09-10 01:09:14,배당귀족 - 노비스,"""미션글 게시글이요?""",2023-09,2023-09-10,1,Sunday,노비스
166,2023-09-10 01:09:34,배당귀족 - 노비스,"""아 이제이해했습니다. 카페에 쓴 링크를""",2023-09,2023-09-10,1,Sunday,노비스
167,2023-09-10 01:09:43,배당귀족 - 노비스,"""여기로 보내라는 뜻인가요?""",2023-09,2023-09-10,1,Sunday,노비스
168,2023-09-10 01:10:12,배당귀족 - 노비스,"""운영자님 1대1 채팅으로 보내면되나요?""",2023-09,2023-09-10,1,Sunday,노비스
169,2023-09-10 01:10:43,글로리 - 운영진,"""여기 설명보시면 여기 단톡방에다 올려달라고 말씀드렸습니당 """,2023-09,2023-09-10,1,Sunday,운영진
170,2023-09-10 01:11:04,배당귀족 - 노비스,"""네 알겠습니다 감사합니다""",2023-09,2023-09-10,1,Sunday,노비스
171,2023-09-10 01:11:23,글로리 - 운영진,"""네넵!^^""",2023-09,2023-09-10,1,Sunday,운영진
172,2023-09-10 01:37:02,양손 엄지척 무지,"""양손 엄지척 무지님이 들어왔습니다.""",2023-09,2023-09-10,1,Sunday,Not defined
173,2023-09-10 01:37:02,오픈채팅봇,"""안녕하세요 [로알남 X 작심 2주 챌린지]에 참여해주심에 감사드립니다. 
1-3일차는 미션이 주어질 예정이니 해당 미션은 공지사항을 확인해주시면 됩니다 :)""
",2023-09,2023-09-10,1,Sunday,Bot
174,2023-09-10 01:41:17,허성빈,"""안녕하세요 바로 공지사항 확인해주시고 챌린지 도전해주시면 됩니다.""",2023-09,2023-09-10,1,Sunday,Not defined
175,2023-09-10 02:36:59,JJF,"""https://cafe.naver.com/roalnam/163441일차 인증합니다 🙌""
",2023-09,2023-09-10,2,Sunday,Not defined
176,2023-09-10 02:41:25,월 순수익 2억,"""이야 빠르시군요!!!""",2023-09,2023-09-10,2,Sunday,Not defined
177,2023-09-10 02:45:00,JJF,"""사진""",2023-09,2023-09-10,2,Sunday,Not defined
178,2023-09-10 02:45:26,JJF,"""작성하고 있던 글이라서, 챌린지 시작하면서 올릴 수 있었네요 :)""",2023-09,2023-09-10,2,Sunday,Not defined
179,2023-09-10 02:46:29,JJF,"""워프 글쓰기화면에서 표시되는 글자수와 단어수가 정확한지 의문이네요;; 2분만에 읽을 수 있는 글은 아닌데..""",2023-09,2023-09-10,2,Sunday,Not defined
180,2023-09-10 02:53:35,허성빈,"""방문자가 2분만에 나간 기록이 있나요?""",2023-09,2023-09-10,2,Sunday,Not defined
181,2023-09-10 02:54:36,허성빈,"""아아 위의 사진으로 봤어야 하는거군요.""",2023-09,2023-09-10,2,Sunday,Not defined
182,2023-09-10 02:56:28,허성빈,"""제가 알기로는 정확할텐데 아래 사이트에서 글 붙여넣기 한번 해보시겠어요?""",2023-09,2023-09-10,2,Sunday,Not defined
183,2023-09-10 02:56:31,허성빈,"""https://www.thewordcracker.com/counter/""",2023-09,2023-09-10,2,Sunday,Not defined
184,2023-09-10 02:56:56,허성빈,"""한번 해보시고 비교해보셔요""",2023-09,2023-09-10,2,Sunday,Not defined
185,2023-09-10 03:02:47,JJF,"""감사합니다! 참고하겠습니다 :) 로알남에는 좋은 기버분들이 정말 많네요!""",2023-09,2023-09-10,3,Sunday,Not defined
186,2023-09-10 03:56:24,불나게 일하는 네오,"""불나게 일하는 네오님이 들어왔습니다.""",2023-09,2023-09-10,3,Sunday,Not defined
187,2023-09-10 03:56:24,오픈채팅봇,"""안녕하세요 [로알남 X 작심 2주 챌린지]에 참여해주심에 감사드립니다. 
1-3일차는 미션이 주어질 예정이니 해당 미션은 공지사항을 확인해주시면 됩니다 :)""
",2023-09,2023-09-10,3,Sunday,Bot
188,2023-09-10 05:00:03,설꿍이-노비스,"""https://cafe.naver.com/roalnam/163461일차 인증합니다 !""
",2023-09,2023-09-10,5,Sunday,노비스
189,2023-09-10 05:10:00,월 순수익 2억,"""멋지십니다!!!""",2023-09,2023-09-10,5,Sunday,Not defined
190,2023-09-10 05:21:46,글쟁이,"""글쟁이님이 들어왔습니다.""",2023-09,2023-09-10,5,Sunday,Not defined
191,2023-09-10 05:21:47,오픈채팅봇,"""안녕하세요 [로알남 X 작심 2주 챌린지]에 참여해주심에 감사드립니다. 
1-3일차는 미션이 주어질 예정이니 해당 미션은 공지사항을 확인해주시면 됩니다 :)""
",2023-09,2023-09-10,5,Sunday,Bot
192,2023-09-10 07:02:24,저요저,"""저요저님이 들어왔습니다.""",2023-09,2023-09-10,7,Sunday,Not defined
193,2023-09-10 07:02:24,오픈채팅봇,"""안녕하세요 [로알남 X 작심 2주 챌린지]에 참여해주심에 감사드립니다. 
1-3일차는 미션이 주어질 예정이니 해당 미션은 공지사항을 확인해주시면 됩니다 :)""
",2023-09,2023-09-10,7,Sunday,Bot
194,2023-09-10 08:05:13,전재경,"""https://cafe.naver.com/roalnam/16348?tc=shared_link 1일차 인증입니다.""
",2023-09,2023-09-10,8,Sunday,Not defined
195,2023-09-10 09:07:39,릴모,"""https://cafe.naver.com/roalnam?iframe_url_utf8=%2FArticleRead.nhn%253Fclubid%3D30935751%2526articleid%3D16354%2526commentFocus%3Dtrue1일차 미션 완료했습니다""
",2023-09,2023-09-10,9,Sunday,Not defined
196,2023-09-10 09:12:53,빛락,"""빛락님이 들어왔습니다.""",2023-09,2023-09-10,9,Sunday,Not defined
197,2023-09-10 09:12:53,오픈채팅봇,"""안녕하세요 [로알남 X 작심 2주 챌린지]에 참여해주심에 감사드립니다. 
1-3일차는 미션이 주어질 예정이니 해당 미션은 공지사항을 확인해주시면 됩니다 :)""
",2023-09,2023-09-10,9,Sunday,Bot
198,2023-09-10 09:13:11,nj48 - 노비스,"""링크 잘못거신거 같아용!""",2023-09,2023-09-10,9,Sunday,노비스
199,2023-09-10 09:15:35,릴모,"""링크 이동이 안되나요?카페 1일차 인증 게시글로 저는 이동이 되는 거 같은데""
",2023-09,2023-09-10,9,Sunday,Not defined
200,2023-09-10 09:15:58,릴모,"""아 모바일로 하니까 안되네요 감사합니다.""",2023-09,2023-09-10,9,Sunday,Not defined
201,2023-09-10 09:16:03,nj48 - 노비스,"""넵""",2023-09,2023-09-10,9,Sunday,노비스
202,2023-09-10 09:20:32,릴모,"""https://cafe.naver.com/roalnam/16354?viewType=pc1일치 미션 인증합니다. 
링크 수정했습니다 감사합니다""
",2023-09,2023-09-10,9,Sunday,Not defined
203,2023-09-10 09:50:06,호호 부는 튜브,"""https://cafe.naver.com/roalnam/163591일차 미션 인증합니다. ""
",2023-09,2023-09-10,9,Sunday,Not defined
204,2023-09-10 09:57:22,잇찬 - 노비스,"""잇찬 - 노비스님이 들어왔습니다.""",2023-09,2023-09-10,9,Sunday,노비스
205,2023-09-10 09:57:22,오픈채팅봇,"""안녕하세요 [로알남 X 작심 2주 챌린지]에 참여해주심에 감사드립니다. 
1-3일차는 미션이 주어질 예정이니 해당 미션은 공지사항을 확인해주시면 됩니다 :)""
",2023-09,2023-09-10,9,Sunday,Bot
206,2023-09-10 10:06:01,꾸자사모,"""반갑습니다^^""",2023-09,2023-09-10,10,Sunday,Not defined
207,2023-09-10 10:06:27,잇찬 - 노비스,"""안녕하세요! :)""",2023-09,2023-09-10,10,Sunday,노비스
208,2023-09-10 10:07:31,nj48 - 노비스,"""https://cafe.naver.com/roalnam/16361?boardType=L""",2023-09,2023-09-10,10,Sunday,노비스
209,2023-09-10 10:07:40,nj48 - 노비스,"""1일차 미션 인증합니다.""",2023-09,2023-09-10,10,Sunday,노비스
210,2023-09-10 10:47:19,쏘니헨리/월천부자,"""https://cafe.naver.com/roalnam/16364?boardType=L 1일차 미션 인증합니다 감사합니다""",2023-09,2023-09-10,10,Sunday,Not defined
211,2023-09-10 10:56:40,현재의지금,"""현재의지금님이 들어왔습니다.""",2023-09,2023-09-10,10,Sunday,Not defined
212,2023-09-10 10:56:40,오픈채팅봇,"""안녕하세요 [로알남 X 작심 2주 챌린지]에 참여해주심에 감사드립니다. 
1-3일차는 미션이 주어질 예정이니 해당 미션은 공지사항을 확인해주시면 됩니다 :)""
",2023-09,2023-09-10,10,Sunday,Bot
213,2023-09-10 11:15:25,꾸자사모,"""반갑습니다~~!! """,2023-09,2023-09-10,11,Sunday,Not defined
214,2023-09-10 11:45:46,용지 - 노비스,"""반갑습니닷""",2023-09,2023-09-10,11,Sunday,노비스
215,2023-09-10 11:54:40,오아시스 - 노비스,"""https://cafe.naver.com/roalnam/16369 1일차 미션 인증합니다 감사합니다.""",2023-09,2023-09-10,11,Sunday,노비스
216,2023-09-10 11:55:59,nj48 - 노비스,"""다들 열심히 해주시는게 보기 좋네요..!!""",2023-09,2023-09-10,11,Sunday,노비스
217,2023-09-10 11:57:09,Young Studio - 노비스,"""저 궁금한게 있습니다""",2023-09,2023-09-10,11,Sunday,노비스
218,2023-09-10 11:57:32,Young Studio - 노비스,"""21일의 법칙인데 왜 작심 2주인가요?""",2023-09,2023-09-10,11,Sunday,노비스
219,2023-09-10 11:57:56,레미⭐️,"""https://cafe.naver.com/roalnam/16370""",2023-09,2023-09-10,11,Sunday,Not defined
220,2023-09-10 11:58:12,레미⭐️,"""참여했습니다 . 챌린지 좋네요! """,2023-09,2023-09-10,11,Sunday,Not defined
221,2023-09-10 12:01:37,글로리 - 운영진,"""3주하시면 중도이탈 하시는 분들도 있을까봐 2주로 했습니다. """,2023-09,2023-09-10,12,Sunday,운영진
222,2023-09-10 12:02:06,Young Studio - 노비스,"""아하 넵!""",2023-09,2023-09-10,12,Sunday,노비스
223,2023-09-10 12:29:38,칼스,"""칼스님이 들어왔습니다.""",2023-09,2023-09-10,12,Sunday,Not defined
224,2023-09-10 12:29:38,오픈채팅봇,"""안녕하세요 [로알남 X 작심 2주 챌린지]에 참여해주심에 감사드립니다. 
1-3일차는 미션이 주어질 예정이니 해당 미션은 공지사항을 확인해주시면 됩니다 :)""
",2023-09,2023-09-10,12,Sunday,Bot
225,2023-09-10 13:30:56,쏘 노비스,"""https://cafe.naver.com/roalnam/16375 1일차인증입니다""",2023-09,2023-09-10,13,Sunday,노비스
226,2023-09-10 13:32:11,글로리 - 운영진,"""멋지십니다 ㅎㅎ """,2023-09,2023-09-10,13,Sunday,운영진
227,2023-09-10 13:32:26,쏘 노비스,"""아고 감사합니다~""",2023-09,2023-09-10,13,Sunday,노비스
228,2023-09-10 13:40:03,배당귀족 - 노비스,"""https://m.cafe.naver.com/ca-fe/web/cafes/30935751/articles/16376?tc""",2023-09,2023-09-10,13,Sunday,노비스
229,2023-09-10 13:40:11,배당귀족 - 노비스,"""저도 1일 챌린지 인증합니다""",2023-09,2023-09-10,13,Sunday,노비스
230,2023-09-10 13:48:53,칼스,"""https://cafe.naver.com/roalnam/16377?boardType=L""
",2023-09,2023-09-10,13,Sunday,Not defined
231,2023-09-10 13:49:25,칼스,"""칼스 1일 챌린지 인증합니다. 2주뒤 모두 완주했음 합니다~""",2023-09,2023-09-10,13,Sunday,Not defined
232,2023-09-10 13:57:44,박지운 - 노비스,"""https://cafe.naver.com/roalnam/16378?boardType=L 1일차 인증합니다.""
",2023-09,2023-09-10,13,Sunday,노비스
233,2023-09-10 14:17:46,배한결,"""https://cafe.naver.com/roalnam/16381로알남 X 작심 2주 챌린지 1일차 게시글 인증합니다.""
",2023-09,2023-09-10,14,Sunday,Not defined
234,2023-09-10 14:17:57,글로리 - 운영진,"""다들 화이팅입니다! ㅎㅎ""",2023-09,2023-09-10,14,Sunday,운영진
235,2023-09-10 14:18:06,cometrue,"""cometrue님이 들어왔습니다.""",2023-09,2023-09-10,14,Sunday,Not defined
236,2023-09-10 14:18:06,오픈채팅봇,"""안녕하세요 [로알남 X 작심 2주 챌린지]에 참여해주심에 감사드립니다. 
1-3일차는 미션이 주어질 예정이니 해당 미션은 공지사항을 확인해주시면 됩니다 :)""
",2023-09,2023-09-10,14,Sunday,Bot
237,2023-09-10 14:18:20,배한결,"""항상 로마드카페를 위해 애써주시는 글로리님도 파이팅!!""",2023-09,2023-09-10,14,Sunday,Not defined
238,2023-09-10 14:18:22,얼동식-노비스,"""빨리 퇴근하고 올리고싶네용 흑훅""",2023-09,2023-09-10,14,Sunday,노비스
239,2023-09-10 14:18:29,cometrue,"""안녕하세요!""",2023-09,2023-09-10,14,Sunday,Not defined
240,2023-09-10 14:18:36,배한결,"""안녕하세요!""",2023-09,2023-09-10,14,Sunday,Not defined
241,2023-09-10 14:18:36,꾸자사모,"""안녕하세요~!~!""",2023-09,2023-09-10,14,Sunday,Not defined
242,2023-09-10 14:28:10,글로리 - 운영진,"""감사합니다! ㅎㅎ""",2023-09,2023-09-10,14,Sunday,운영진
243,2023-09-10 15:45:36,JJF,"""중복된 질문일지도 모르겠습니다만, 검색이 잘 안되어 질문드립니다.고유주소 URL을 한글(글 제목)으로 하는것과 영어로 간결하게 재입력하는 것중 어느쪽이 SEO에 최적화 하는건지 질문드립니다 🙋🏽‍♂️""
",2023-09,2023-09-10,15,Sunday,Not defined
244,2023-09-10 16:05:38,글로리 - 운영진,"""쉽게 이야기 해드리자면 티스토리 제외하고 본인이 노리시는 키워드 상위권 애들이 그런 주소로 되어 있는지 확인해보시길 바랍니다. """,2023-09,2023-09-10,16,Sunday,운영진
245,2023-09-10 16:07:51,JJF,"""아!! 벤치마킹이 필요한 지점이군요. 역시 글로리님! 감사합니다!!""",2023-09,2023-09-10,16,Sunday,Not defined
246,2023-09-10 16:14:09,글로리 - 운영진,"""고수들 벤치마킹하는게 제일 빨라요 ㅎㅎ""",2023-09,2023-09-10,16,Sunday,운영진
247,2023-09-10 16:15:20,cometrue,"""글로리님 메일로 보내주신다는게카톡방 링크 말씀하시는건가요?""
",2023-09,2023-09-10,16,Sunday,Not defined
248,2023-09-10 16:20:21,글로리 - 운영진,"""네 맞습니다.^^""",2023-09,2023-09-10,16,Sunday,운영진
249,2023-09-10 16:58:46,무감정,"""1일차 인증합니다.https://cafe.naver.com/roalnam/16394""
",2023-09,2023-09-10,16,Sunday,Not defined
250,2023-09-10 17:01:26,글로리 - 운영진,"""썸네일이 클릭하고 싶네요""",2023-09,2023-09-10,17,Sunday,운영진
251,2023-09-10 17:01:27,글로리 - 운영진,"""ㅋㅋㅋㅋ""",2023-09,2023-09-10,17,Sunday,운영진
252,2023-09-10 17:01:50,태평양금붕어,"""ㅋㅋㅋㅋㅋㅋㅋㅋ그러게요 순간 혹했네요""",2023-09,2023-09-10,17,Sunday,Not defined
253,2023-09-10 17:03:52,정성우,"""ㅋㅋㅋㅋㅋㅋㅋㅋㅋ""",2023-09,2023-09-10,17,Sunday,Not defined
254,2023-09-10 17:06:14,김래아,"""김래아님이 들어왔습니다.""",2023-09,2023-09-10,17,Sunday,Not defined
255,2023-09-10 17:06:14,오픈채팅봇,"""안녕하세요 [로알남 X 작심 2주 챌린지]에 참여해주심에 감사드립니다. 
1-3일차는 미션이 주어질 예정이니 해당 미션은 공지사항을 확인해주시면 됩니다 :)""
",2023-09,2023-09-10,17,Sunday,Bot
256,2023-09-10 17:09:52,하드위키,"""사진""",2023-09,2023-09-10,17,Sunday,Not defined
257,2023-09-10 17:09:57,하드위키,"""https://cafe.naver.com/roalnam/16388""",2023-09,2023-09-10,17,Sunday,Not defined
258,2023-09-10 17:10:13,하드위키,"""1일차 시작합니다^^""",2023-09,2023-09-10,17,Sunday,Not defined
259,2023-09-10 17:10:29,nj48 - 노비스,"""21일까지 갑시다""",2023-09,2023-09-10,17,Sunday,노비스
260,2023-09-10 17:29:35,GL혼혈-노비스,"""GL혼혈-노비스님이 들어왔습니다.""",2023-09,2023-09-10,17,Sunday,노비스
261,2023-09-10 17:29:35,오픈채팅봇,"""안녕하세요 [로알남 X 작심 2주 챌린지]에 참여해주심에 감사드립니다. 
1-3일차는 미션이 주어질 예정이니 해당 미션은 공지사항을 확인해주시면 됩니다 :)""
",2023-09,2023-09-10,17,Sunday,Bot
262,2023-09-10 17:30:30,정성우,"""반갑습니다~!""",2023-09,2023-09-10,17,Sunday,Not defined
263,2023-09-10 17:30:33,정성우,"""시작하시죠~""",2023-09,2023-09-10,17,Sunday,Not defined
264,2023-09-10 17:30:47,허성빈,"""파이팅입니다!!""",2023-09,2023-09-10,17,Sunday,Not defined
265,2023-09-10 17:31:19,허성빈,"""오 혼혈님 오늘부터 바로 시작하시면 되겠습니다.""",2023-09,2023-09-10,17,Sunday,Not defined
266,2023-09-10 17:31:21,GL혼혈-노비스,"""안녕하세요! 오늘중으로 링크 공유하겠습니다! 감사합니다ㅎㅎ""",2023-09,2023-09-10,17,Sunday,노비스
267,2023-09-10 18:00:17,태평양금붕어,"""삭제된 메시지입니다.""",2023-09,2023-09-10,18,Sunday,Not defined
268,2023-09-10 18:00:56,태평양금붕어,"""https://cafe.naver.com/roalnam/16396?tc=shared_link""",2023-09,2023-09-10,18,Sunday,Not defined
269,2023-09-10 18:01:26,태평양금붕어,"""꼭 끝까지 완료하겠습니다!""",2023-09,2023-09-10,18,Sunday,Not defined
270,2023-09-10 18:06:23,허성빈,"""글 잘읽었습니다. 화이팅입니다!!""",2023-09,2023-09-10,18,Sunday,Not defined
271,2023-09-10 18:07:28,배한결,"""글을 잘 쓰시는군요 ㅎㅎ잘 읽었습니다! 함께 파이팅해봐요~!!""
",2023-09,2023-09-10,18,Sunday,Not defined
272,2023-09-10 18:12:25,태평양금붕어,"""감사합니다!""",2023-09,2023-09-10,18,Sunday,Not defined
273,2023-09-10 18:15:19,형목-테이커,"""https://cafe.naver.com/roalnam/16397저도 챌륀지~ 1일 차만 공유해봅니다-!""
",2023-09,2023-09-10,18,Sunday,테이커
274,2023-09-10 18:28:47,폭풍성장-노비스,"""https://cafe.naver.com/roalnam/16398?tc=shared_link1일차 인증합니다ㅎㅎ""
",2023-09,2023-09-10,18,Sunday,노비스
275,2023-09-10 18:35:13,노란배추잎-노비스,"""https://cafe.naver.com/roalnam/16399?boardType=L1일차 인증 합니다.^^""
",2023-09,2023-09-10,18,Sunday,노비스
276,2023-09-10 18:35:19,노란배추잎-노비스,"""사진""",2023-09,2023-09-10,18,Sunday,노비스
277,2023-09-10 18:44:40,바미애미 - 노비스,"""1일차 인증입니당!https://cafe.naver.com/roalnam/16400""
",2023-09,2023-09-10,18,Sunday,노비스
278,2023-09-10 18:53:35,월 순수익 2억,"""크으 다들 열심히군요!!""",2023-09,2023-09-10,18,Sunday,Not defined
279,2023-09-10 18:53:40,월 순수익 2억,"""멋지십니다👍👍""",2023-09,2023-09-10,18,Sunday,Not defined
280,2023-09-10 19:00:12,꾸자사모,"""사진""",2023-09,2023-09-10,19,Sunday,Not defined
281,2023-09-10 19:00:14,꾸자사모,"""저도 1일차 인증합니다.https://cafe.naver.com/roalnam/16401
""
",2023-09,2023-09-10,19,Sunday,Not defined
282,2023-09-10 19:15:34,저니,"""1일차 인증입니다:)https://cafe.naver.com/roalnam/16403""
",2023-09,2023-09-10,19,Sunday,Not defined
283,2023-09-10 19:19:50,nj48 - 노비스,"""다들 잘하고 계시네여""",2023-09,2023-09-10,19,Sunday,노비스
284,2023-09-10 19:25:52,김현아,"""그러게요! ㅎㅎㅎ 남은 일요일 오후도 홧팅입니다⭐️🔥""",2023-09,2023-09-10,19,Sunday,Not defined
285,2023-09-10 19:26:18,꾸자사모,"""발행도 했겠다 동네 한바꾸 돌면서 머리도 좀 식혀야겟네요""",2023-09,2023-09-10,19,Sunday,Not defined
286,2023-09-10 19:26:21,꾸자사모,"""화이팅입뉘다!""",2023-09,2023-09-10,19,Sunday,Not defined
287,2023-09-10 19:42:16,월 순수익 2억,"""화이팅입니다!!""",2023-09,2023-09-10,19,Sunday,Not defined
288,2023-09-10 19:53:44,스틴_노비스,"""스틴_노비스님이 들어왔습니다.""",2023-09,2023-09-10,19,Sunday,노비스
289,2023-09-10 19:53:44,오픈채팅봇,"""안녕하세요 [로알남 X 작심 2주 챌린지]에 참여해주심에 감사드립니다. 
1-3일차는 미션이 주어질 예정이니 해당 미션은 공지사항을 확인해주시면 됩니다 :)""
",2023-09,2023-09-10,19,Sunday,Bot
290,2023-09-10 20:12:36,happygiver,"""happygiver님이 들어왔습니다.""",2023-09,2023-09-10,20,Sunday,Not defined
291,2023-09-10 20:12:36,오픈채팅봇,"""안녕하세요 [로알남 X 작심 2주 챌린지]에 참여해주심에 감사드립니다. 
1-3일차는 미션이 주어질 예정이니 해당 미션은 공지사항을 확인해주시면 됩니다 :)""
",2023-09,2023-09-10,20,Sunday,Bot
292,2023-09-10 20:13:03,꾸자사모,"""반갑습니다!""",2023-09,2023-09-10,20,Sunday,Not defined
293,2023-09-10 20:13:49,happygiver,"""동지 여러분 반갑습니다 :)""",2023-09,2023-09-10,20,Sunday,Not defined
294,2023-09-10 20:13:54,글로리 - 운영진,"""안녕하세요~!^^""",2023-09,2023-09-10,20,Sunday,운영진
295,2023-09-10 20:22:41,정성우,"""반갑습니당""",2023-09,2023-09-10,20,Sunday,Not defined
296,2023-09-10 20:22:42,정성우,"""이모티콘""",2023-09,2023-09-10,20,Sunday,Not defined
297,2023-09-10 20:26:15,정성우,"""다들 내일 오후 12시까지 파이팅하시쥬!!""",2023-09,2023-09-10,20,Sunday,Not defined
298,2023-09-10 20:28:41,얼동식-노비스,"""1일차 인증합니다.https://cafe.naver.com/roalnam/16406""
",2023-09,2023-09-10,20,Sunday,노비스
299,2023-09-10 21:10:05,슈퍼노멀,"""사진 2장""",2023-09,2023-09-10,21,Sunday,Not defined
300,2023-09-10 21:10:24,보기맘 - 노비스,"""다음날 오후 12시까지라 다행이네요 미션먼저해야겟다 ㅜㅜ 파이팅!!""",2023-09,2023-09-10,21,Sunday,노비스
301,2023-09-10 21:11:14,슈퍼노멀,"""지금이 인생을 바뀔 최적의 시기네요!우리 작심2주 챌린지 환경셋팅 했으니 달려보아요^^""
",2023-09,2023-09-10,21,Sunday,Not defined
302,2023-09-10 21:11:49,현정-노비즈,"""저기~  내일 12시까지 하면되는거죠?  제가 언쳐서  글쓰다가 심하게 아파서 도저히 할수 없는상황인데 ㅠ""",2023-09,2023-09-10,21,Sunday,Not defined
303,2023-09-10 21:12:08,보기맘 - 노비스,"""퍼스팅은 담날 12시까지라고 되어잇어요""",2023-09,2023-09-10,21,Sunday,노비스
304,2023-09-10 21:12:10,보기맘 - 노비스,"""몸챙기세요ㅠ""",2023-09,2023-09-10,21,Sunday,노비스
305,2023-09-10 21:12:23,꾸자사모,"""공지사항 보면 다음날 12시까지 하셔도 될듯합니다! 건강챙기셔요 ㅠ""",2023-09,2023-09-10,21,Sunday,Not defined
306,2023-09-10 21:12:25,현정-노비즈,"""내일 12시 전까지 하면되는거죠?   첫날부터 몸이 말썽이네요 ㅠ""",2023-09,2023-09-10,21,Sunday,Not defined
307,2023-09-10 21:18:55,슈퍼노멀,"""우선 떠오른 글 주제 제목만이라도 임시 저장해 놓으시면 어떨까요?우선 만약 카테고리가 건강이나 일상이야기라면 """"체했을때의 일상 대처법 5가지""""로 라도 지금 편찮은 상황에 대하여 본인이 찾아본 정보를 주제로 제목만이라도 적어놓으시고 내일 마감전에 작성해보세요^^""
",2023-09,2023-09-10,21,Sunday,Not defined
308,2023-09-10 21:25:18,올이지 - 운영진,"""사진""",2023-09,2023-09-10,21,Sunday,운영진
309,2023-09-10 21:25:23,올이지 - 운영진,"""[시작이 반이다] 라는 말들 많이 들어보셨을겁니다.단순히 1포스팅 이지만
쌓이고 쌓이면 [도미노 효과] 처럼 처음에는 별볼일 없게 느끼실 수 있을지라도
나중에는 어마무시한 수익을 챙겨다 주실거라 확신합니다ㅎㅎ
꾸준히 포스팅하셔서
여기계신 모든분들께서 """"우수참여자""""로 선정되셨으면
좋겠습니다^^
마지막까지 화이팅 입니다~!""
",2023-09,2023-09-10,21,Sunday,운영진
310,2023-09-10 21:25:49,보기맘 - 노비스,"""삭제된 메시지입니다.""",2023-09,2023-09-10,21,Sunday,노비스
311,2023-09-10 21:25:49,보기맘 - 노비스,"""http://naver.me/FZWczED3""",2023-09,2023-09-10,21,Sunday,노비스
312,2023-09-10 21:25:50,보기맘 - 노비스,"""포스팅은 낼 12시전으로 하겟숨다""",2023-09,2023-09-10,21,Sunday,노비스
313,2023-09-10 21:37:54,잇찬 - 노비스,"""https://cafe.naver.com/roalnam/16412?boardType=L""",2023-09,2023-09-10,21,Sunday,노비스
314,2023-09-10 21:38:04,잇찬 - 노비스,"""1일차 미션 완료입니다.""",2023-09,2023-09-10,21,Sunday,노비스
315,2023-09-10 21:43:47,다올,"""https://cafe.naver.com/roalnam/16415""",2023-09,2023-09-10,21,Sunday,Not defined
316,2023-09-10 21:47:56,현재의지금,"""https://cafe.naver.com/roalnam/16417""",2023-09,2023-09-10,21,Sunday,Not defined
317,2023-09-10 21:48:12,현재의지금,"""1일차 미션 완료했습니당""",2023-09,2023-09-10,21,Sunday,Not defined
318,2023-09-10 22:03:54,노란배추잎-노비스,"""키워드 분석하는데 도움이 될것 같아서 키워드 툴 공유해요.""",2023-09,2023-09-10,22,Sunday,노비스
319,2023-09-10 22:04:02,노란배추잎-노비스,"""로워드에 연관 키워드가 나오지 않는 경우도 있어요.""",2023-09,2023-09-10,22,Sunday,노비스
320,2023-09-10 22:04:05,노란배추잎-노비스,"""이 플러그인이랑 로워드랑 같이 사용하면 키워드 찾는데 많은 도움이 될것 같네요.""",2023-09,2023-09-10,22,Sunday,노비스
321,2023-09-10 22:04:12,노란배추잎-노비스,"""사용법은 15분짜리 영상있으니 첨부할게요.""",2023-09,2023-09-10,22,Sunday,노비스
322,2023-09-10 22:04:17,노란배추잎-노비스,"""https://www.youtube.com/watch?v=_TdLBLxEI6M""",2023-09,2023-09-10,22,Sunday,노비스
323,2023-09-10 22:04:25,노란배추잎-노비스,"""크럼 플러그인 이름은 """"Linkclump"""" 이에요. 다들 화이팅 하세용""",2023-09,2023-09-10,22,Sunday,노비스
324,2023-09-10 22:07:10,빛락,"""https://cafe.naver.com/roalnam/16418?boardType=L""",2023-09,2023-09-10,22,Sunday,Not defined
325,2023-09-10 22:08:11,빛락,"""1일차 미션 완료했습니다!""",2023-09,2023-09-10,22,Sunday,Not defined
326,2023-09-10 22:17:26,ruby,"""https://cafe.naver.com/roalnam/16419""",2023-09,2023-09-10,22,Sunday,Not defined
327,2023-09-10 22:17:35,ruby,"""1일차 미션 완료입니다~""",2023-09,2023-09-10,22,Sunday,Not defined
328,2023-09-10 22:32:59,잇찬 - 노비스,"""포스팅은 방금전 발행하고 게시물 수정하여 사진 첨부하였습니다.""",2023-09,2023-09-10,22,Sunday,노비스
329,2023-09-10 22:39:45,강지윤 - 노비스,"""강지윤 - 노비스님이 들어왔습니다.""",2023-09,2023-09-10,22,Sunday,노비스
330,2023-09-10 22:39:45,오픈채팅봇,"""안녕하세요 [로알남 X 작심 2주 챌린지]에 참여해주심에 감사드립니다. 
1-3일차는 미션이 주어질 예정이니 해당 미션은 공지사항을 확인해주시면 됩니다 :)""
",2023-09,2023-09-10,22,Sunday,Bot
331,2023-09-10 22:39:55,월 순수익 2억,"""어서오세요~!""",2023-09,2023-09-10,22,Sunday,Not defined
332,2023-09-10 22:40:18,타주,"""https://cafe.naver.com/roalnam/16422""",2023-09,2023-09-10,22,Sunday,Not defined
333,2023-09-10 22:40:23,타주,"""1일차 미션 완료했습니다. :)""",2023-09,2023-09-10,22,Sunday,Not defined
334,2023-09-10 22:40:25,강지윤 - 노비스,"""안녕하세요:) 1일차미션은 올려주신 공지대로만 진행하면되나요? """,2023-09,2023-09-10,22,Sunday,노비스
335,2023-09-10 22:40:42,강지윤 - 노비스,"""글발행은 상관없는건지 궁금합니다!""",2023-09,2023-09-10,22,Sunday,노비스
336,2023-09-10 22:41:13,Doori,"""글 발행도 하셔야합니다.""",2023-09,2023-09-10,22,Sunday,Not defined
337,2023-09-10 22:41:18,잇찬 - 노비스,"""카페내에 공지 자세히 읽어보시면 글발행은 챌린지 끝나는 날까지 하셔야 합니다 ㅎㅎ""",2023-09,2023-09-10,22,Sunday,노비스
338,2023-09-10 22:41:31,강지윤 - 노비스,"""아 그렇군요, 답변감사합니다:) """,2023-09,2023-09-10,22,Sunday,노비스
339,2023-09-10 22:43:28,강지윤 - 노비스,"""아, 글발행함 캡쳐해서 올리는 작업도 카페에다 하면되는걸까요?""",2023-09,2023-09-10,22,Sunday,노비스
340,2023-09-10 22:43:33,마에-노비스,"""https://cafe.naver.com/roalnam/16425""",2023-09,2023-09-10,22,Sunday,노비스
341,2023-09-10 22:43:39,마에-노비스,"""미션완료했습니다!""",2023-09,2023-09-10,22,Sunday,노비스
342,2023-09-10 22:43:57,잇찬 - 노비스,"""네 카페에다가 발행 부분만 캡쳐해서 같이 올려주시면 돼요""",2023-09,2023-09-10,22,Sunday,노비스
343,2023-09-10 22:44:27,강지윤 - 노비스,"""감사합니다:)""",2023-09,2023-09-10,22,Sunday,노비스
344,2023-09-10 22:59:43,강지윤 - 노비스,"""https://cafe.naver.com/roalnam/16427""",2023-09,2023-09-10,22,Sunday,노비스
345,2023-09-10 23:05:36,포토잼이 노비스,"""https://cafe.naver.com/roalnam/16429?boardType=L""",2023-09,2023-09-10,23,Sunday,노비스
346,2023-09-10 23:05:59,포토잼이 노비스,"""사진""",2023-09,2023-09-10,23,Sunday,노비스
347,2023-09-10 23:06:09,cometrue,"""지금 로알남님 인스타 라방 중이시네요! 작심 2주 모두 화이팅입니다!""",2023-09,2023-09-10,23,Sunday,Not defined
348,2023-09-10 23:08:54,레미⭐️,"""화이팅 ^^ """,2023-09,2023-09-10,23,Sunday,Not defined
349,2023-09-10 23:10:42,와인농장 - 노비스,"""https://cafe.naver.com/roalnam/16430?boardType=L""",2023-09,2023-09-10,23,Sunday,노비스
350,2023-09-10 23:10:52,와인농장 - 노비스,"""1일차 미션 완료했습니다.""",2023-09,2023-09-10,23,Sunday,노비스
351,2023-09-10 23:12:54,클레버썬,"""https://cafe.naver.com/roalnam/16432?boardType=L""",2023-09,2023-09-10,23,Sunday,Not defined
352,2023-09-10 23:15:11,대형사고,"""https://cafe.naver.com/roalnam/16433?boardType=L""",2023-09,2023-09-10,23,Sunday,Not defined
353,2023-09-10 23:15:20,우르스오너가될거얏,"""우르스오너가될거얏님이 들어왔습니다.""",2023-09,2023-09-10,23,Sunday,Not defined
354,2023-09-10 23:15:20,오픈채팅봇,"""안녕하세요 [로알남 X 작심 2주 챌린지]에 참여해주심에 감사드립니다. 
1-3일차는 미션이 주어질 예정이니 해당 미션은 공지사항을 확인해주시면 됩니다 :)""
",2023-09,2023-09-10,23,Sunday,Bot
355,2023-09-10 23:17:51,김래아,"""미션 완료했습니다 :Dhttps://cafe.naver.com/roalnam/16434""
",2023-09,2023-09-10,23,Sunday,Not defined
356,2023-09-10 23:18:43,글로리 - 운영진,"""다들 멋지시네요 """,2023-09,2023-09-10,23,Sunday,운영진
357,2023-09-10 23:24:08,동농이-노비스,"""동농이-노비스님이 들어왔습니다.""",2023-09,2023-09-10,23,Sunday,노비스
358,2023-09-10 23:24:08,오픈채팅봇,"""안녕하세요 [로알남 X 작심 2주 챌린지]에 참여해주심에 감사드립니다. 
1-3일차는 미션이 주어질 예정이니 해당 미션은 공지사항을 확인해주시면 됩니다 :)""
",2023-09,2023-09-10,23,Sunday,Bot
359,2023-09-10 23:32:03,뉴띵,"""https://cafe.naver.com/roalnam/164361일차 미션완료했습니다!""
",2023-09,2023-09-10,23,Sunday,Not defined
360,2023-09-10 23:34:08,우르스오너가될거얏,"""삭제된 메시지입니다.""",2023-09,2023-09-10,23,Sunday,Not defined
361,2023-09-10 23:34:25,우르스오너가될거얏,"""아아 여기가 아니네요 죄송합니다""",2023-09,2023-09-10,23,Sunday,Not defined
362,2023-09-10 23:40:07,별별 - 노비스,"""별별 - 노비스님이 들어왔습니다.""",2023-09,2023-09-10,23,Sunday,노비스
363,2023-09-10 23:40:07,오픈채팅봇,"""안녕하세요 [로알남 X 작심 2주 챌린지]에 참여해주심에 감사드립니다. 
1-3일차는 미션이 주어질 예정이니 해당 미션은 공지사항을 확인해주시면 됩니다 :)""
",2023-09,2023-09-10,23,Sunday,Bot
364,2023-09-10 23:43:10,우르스오너가될거얏,"""https://cafe.naver.com/roalnam/16440""",2023-09,2023-09-10,23,Sunday,Not defined
365,2023-09-10 23:43:15,우르스오너가될거얏,"""참여완료입니다!""",2023-09,2023-09-10,23,Sunday,Not defined
366,2023-09-10 23:48:22,양손 엄지척 무지,"""https://m.cafe.naver.com/roalnam/16431""",2023-09,2023-09-10,23,Sunday,Not defined
367,2023-09-10 23:51:37,캠린이쓰,"""https://m.cafe.naver.com/roalnam/16441""",2023-09,2023-09-10,23,Sunday,Not defined
368,2023-09-10 23:51:50,캠린이쓰,"""1일차 미션 인증입니다!""",2023-09,2023-09-10,23,Sunday,Not defined
369,2023-09-10 23:52:12,꼬마이엔티,"""https://cafe.naver.com/roalnam/16437?tc=shared_link""",2023-09,2023-09-10,23,Sunday,Not defined
370,2023-09-10 23:52:20,꼬마이엔티,"""1일차 참여했습니다!""",2023-09,2023-09-10,23,Sunday,Not defined
371,2023-09-10 23:54:52,Young Studio - 노비스,"""https://cafe.naver.com/roalnam/16443?boardType=L""",2023-09,2023-09-10,23,Sunday,노비스
372,2023-09-10 23:54:59,Young Studio - 노비스,"""1일차 참여했습니다""",2023-09,2023-09-10,23,Sunday,노비스
373,2023-09-10 23:55:35,글로리 - 운영진,"""다들 멋지십니다 ㅎㅎhttps://cafe.naver.com/roalnam/16204
사람은 늘 현재의 상황이 편해서 관성이 있어서 자꾸만 돌아갑니다.
아이가 배고프다고 누워만 있으면 누가 챙겨줍니까. 배고프면 정말 나와서 알아서 챙겨먹겠죠.
배가 고픈 아이는 밥을 알아서 먹는것처럼 행동 할 수 밖에 없는 상황으로 몰아야된다고 생각합니다.
제가 겪은 돈잘버는 사람들은 오히려 돈버는 이야기 밖에 안합니다.  
당연히 그래서 일반적인 사람들과 결과물에 차이가 있을 수 밖에 없죠
경험치는 눈에 보이지 않게 쌓입니다. 굳이 100점 안맞아도 됩니다. 60점 맞아도 되고 40점 맞아도 됩니다. 100만원 벌거 10만원 벌어도 됩니다. 
작심2주 챌린지부터 차근차근 시작하면서 포기하지 않고 하다보면 다들 좋은 결과가 있을거라 생각합니다 :)""
",2023-09,2023-09-10,23,Sunday,운영진
374,2023-09-10 23:56:58,스틴_노비스,"""https://cafe.naver.com/roalnam/16439?tc=shared_link""",2023-09,2023-09-10,23,Sunday,노비스
375,2023-09-10 23:57:09,스틴_노비스,"""1일차 미션 참여했습니다!""",2023-09,2023-09-10,23,Sunday,노비스
376,2023-09-10 23:57:26,스틴_노비스,"""다들 굿밤되세요 😴""",2023-09,2023-09-10,23,Sunday,노비스
377,2023-09-10 23:57:35,잇찬 - 노비스,"""고생 많으셨어요""",2023-09,2023-09-10,23,Sunday,노비스
378,2023-09-10 23:57:58,스틴_노비스,"""감사합니다 잇찬님도 고생하셨어요 🙂""",2023-09,2023-09-10,23,Sunday,노비스
379,2023-09-10 23:58:17,열공 피치,"""https://cafe.naver.com/roalnam/16445""",2023-09,2023-09-10,23,Sunday,Not defined
380,2023-09-10 23:58:19,열공 피치,"""올렸습니다~""",2023-09,2023-09-10,23,Sunday,Not defined
381,2023-09-10 23:59:46,월 순수익 2억,"""진짜 이 시간까지!!!""",2023-09,2023-09-10,23,Sunday,Not defined
382,2023-09-10 23:59:51,월 순수익 2억,"""다들 대단하십니다!!""",2023-09,2023-09-10,23,Sunday,Not defined
383,2023-09-10 23:59:56,월 순수익 2억,"""화이팅이에요👍👍""",2023-09,2023-09-10,23,Sunday,Not defined
384,2023-09-11 00:00:13,cometrue,"""오늘 미션은 내일 오후 12시까지 올리면 되죠?""",2023-09,2023-09-11,0,Monday,Not defined
385,2023-09-11 00:00:21,cometrue,"""글을 작성중이라서요ㅠㅠ""",2023-09,2023-09-11,0,Monday,Not defined
386,2023-09-11 00:00:31,Doori,"""네넹""",2023-09,2023-09-11,0,Monday,Not defined
387,2023-09-11 00:01:01,별별 - 노비스,"""올렸는데 12시가 넘어버렸네요~~ https://cafe.naver.com/roalnam/16446""
",2023-09,2023-09-11,0,Monday,노비스
388,2023-09-11 00:05:24,글로리 - 운영진,"""1일 차 미션- 1) 워드프레스에 입문 하게 된 계기 ( 현재 하고 있는 일, 고충 등 )
2) 로알남 유튜브 영상(쇼츠 포함) 가장 인상 깊었던 영상과 이유, 목표 월 수익
2일 차 미션 - 
1) 완전한 디지털 노마드가 되었을 때 원하는 나의 하루 일과
2) 카페 게시판 로알남 칼럼 중 가장 인상 깊었던 글 링크와 함께 이유 
게시글 작성 후 채팅방에 1일차 인증 메세지와 함께 링크 보내주시면 됩니다.""
",2023-09,2023-09-11,0,Monday,운영진
389,2023-09-11 00:05:27,글로리 - 운영진,"""톡게시판 '공지': 1일 차 미션- 1) 워드프레스에 입문 하게 된 계기 ( 현재 하고 있는 일, 고충 등 )
2) 로알남 유튜브 영상(쇼츠 포함) 가장 인상 깊었던 영상과 이유, 목표 월 수익
2일 차 미션 - 
1) 완전한 디지털 노마드가 되었을 때 원하는 나의 하루 일과
2) 카페 게시판 로알남 칼럼 중 가장 인상 깊었던 글 링크와 함께 이유 
게시글 작성 후 채팅방에 1일차 인증 메세지와 함께 링크 보내주시면 됩니다.""
",2023-09,2023-09-11,0,Monday,운영진
390,2023-09-11 00:07:35,새로운도약,"""https://cafe.naver.com/roalnam/16448?boardType=L 저도 올렸는데 12시가 지났네요 ㅋㅋ ㅠ 참여 완료했습니다""",2023-09,2023-09-11,0,Monday,Not defined
391,2023-09-11 00:08:00,무감정,"""사진""",2023-09,2023-09-11,0,Monday,Not defined
392,2023-09-11 00:08:08,무감정,"""요건 오타라고 생각하면 되나요??""",2023-09,2023-09-11,0,Monday,Not defined
393,2023-09-11 00:08:35,글로리 - 운영진,"""네 오타입니다 훠훠""",2023-09,2023-09-11,0,Monday,운영진
394,2023-09-11 00:08:37,글로리 - 운영진,"""이모티콘""",2023-09,2023-09-11,0,Monday,운영진
395,2023-09-11 00:08:47,무감정,"""옙""",2023-09,2023-09-11,0,Monday,Not defined
396,2023-09-11 00:09:31,허성빈,"""이모티콘""",2023-09,2023-09-11,0,Monday,Not defined
397,2023-09-11 00:10:59,용지 - 노비스,"""https://cafe.naver.com/roalnam/164441일차 미션입니다!""
",2023-09,2023-09-11,0,Monday,노비스
398,2023-09-11 00:11:13,용지 - 노비스,"""앗 .. 글 1포 하는것까지가 미션이군요!?!""",2023-09,2023-09-11,0,Monday,노비스
399,2023-09-11 00:11:20,용지 - 노비스,"""(워드프레스)""",2023-09,2023-09-11,0,Monday,노비스
400,2023-09-11 00:23:28,happygiver,"""https://cafe.naver.com/roalnam/16438 """,2023-09,2023-09-11,0,Monday,Not defined
401,2023-09-11 00:23:38,happygiver,"""인증하였습니다 :)""",2023-09,2023-09-11,0,Monday,Not defined
402,2023-09-11 00:27:23,저요저,"""https://cafe.naver.com/roalnam/16449?tc=shared_link""",2023-09,2023-09-11,0,Monday,Not defined
403,2023-09-11 00:29:53,안지-노비스,"""https://cafe.naver.com/roalnam/16450?boardType=L  1일차 미션 완료 입니다""",2023-09,2023-09-11,0,Monday,노비스
404,2023-09-11 00:50:39,열공 피치,"""1일차 인증메세지 를 안적었네요,,""",2023-09,2023-09-11,0,Monday,Not defined
405,2023-09-11 01:09:00,귀여운고래-노비스-,"""https://cafe.naver.com/roalnam/16421?tc=shared_link1일차 미션 완료입니다.""
",2023-09,2023-09-11,1,Monday,노비스
406,2023-09-11 01:22:43,올이지 - 운영진,"""다들 늦은시간까지 멋지십니다 ㅎㅎ""",2023-09,2023-09-11,1,Monday,운영진
407,2023-09-11 01:49:09,Doori,"""https://cafe.naver.com/roalnam/164551일차 미션 완료입니다.""
",2023-09,2023-09-11,1,Monday,Not defined
408,2023-09-11 01:49:17,GL혼혈-노비스,"""https://cafe.naver.com/roalnam/16457""",2023-09,2023-09-11,1,Monday,노비스
409,2023-09-11 01:49:35,GL혼혈-노비스,"""모두 안녕히 주무세요!""",2023-09,2023-09-11,1,Monday,노비스
410,2023-09-11 01:49:51,얼동식-노비스,"""https://cafe.naver.com/roalnam/164562일차 미션 인증합니다. 굿밤되세요!""
",2023-09,2023-09-11,1,Monday,노비스
411,2023-09-11 02:55:53,린뀨파파-노비스,"""린뀨파파-노비스님이 들어왔습니다.""",2023-09,2023-09-11,2,Monday,노비스
412,2023-09-11 02:55:53,오픈채팅봇,"""안녕하세요 [로알남 X 작심 2주 챌린지]에 참여해주심에 감사드립니다. 
1-3일차는 미션이 주어질 예정이니 해당 미션은 공지사항을 확인해주시면 됩니다 :)""
",2023-09,2023-09-11,2,Monday,Bot
413,2023-09-11 03:14:07,정성우,"""https://cafe.naver.com/roalnam/16463?boardType=L""",2023-09,2023-09-11,3,Monday,Not defined
414,2023-09-11 03:14:11,정성우,"""1일차 인증합니다~~!!""",2023-09,2023-09-11,3,Monday,Not defined
415,2023-09-11 03:40:10,cometrue,"""https://cafe.naver.com/roalnam/16466""",2023-09,2023-09-11,3,Monday,Not defined
416,2023-09-11 03:40:14,cometrue,"""1일차 인증합니다!""",2023-09,2023-09-11,3,Monday,Not defined
417,2023-09-11 03:42:41,정성우,"""다들 고생하십니당""",2023-09,2023-09-11,3,Monday,Not defined
418,2023-09-11 04:00:44,린뀨파파-노비스,"""https://cafe.naver.com/roalnam/16467""",2023-09,2023-09-11,4,Monday,노비스
419,2023-09-11 04:00:57,린뀨파파-노비스,"""1일차 인증합니다!""",2023-09,2023-09-11,4,Monday,노비스
420,2023-09-11 06:07:37,졸린 라이언,"""졸린 라이언님이 들어왔습니다.""",2023-09,2023-09-11,6,Monday,Not defined
421,2023-09-11 06:07:37,오픈채팅봇,"""안녕하세요 [로알남 X 작심 2주 챌린지]에 참여해주심에 감사드립니다. 
1-3일차는 미션이 주어질 예정이니 해당 미션은 공지사항을 확인해주시면 됩니다 :)""
",2023-09,2023-09-11,6,Monday,Bot
422,2023-09-11 06:26:24,현정-노비즈,"""https://m.cafe.naver.com/ca-fe/web/cafes/30935751/articles/16468?fromList=true&tc=cafe_home_all_articles1일차 인증 완료입니다""
",2023-09,2023-09-11,6,Monday,Not defined
423,2023-09-11 06:28:53,현정-노비즈,"""이제 봤네요~  어제 구토를 태어나서 두번째로 한 상황이라 제 정신이 아니었습니다^^;;;  그래도 새벽에 정신이 들어 올렸네요 즐거운하루되세요^^""",2023-09,2023-09-11,6,Monday,Not defined
424,2023-09-11 06:34:46,nj48 - 노비스,"""고생하십니다""",2023-09,2023-09-11,6,Monday,노비스
425,2023-09-11 06:42:17,슈퍼노멀,"""다들 멋지네요 👍 """,2023-09,2023-09-11,6,Monday,Not defined
426,2023-09-11 07:13:37,머리 빗는 네오,"""머리 빗는 네오님이 들어왔습니다.""",2023-09,2023-09-11,7,Monday,Not defined
427,2023-09-11 07:13:37,오픈채팅봇,"""안녕하세요 [로알남 X 작심 2주 챌린지]에 참여해주심에 감사드립니다. 
1-3일차는 미션이 주어질 예정이니 해당 미션은 공지사항을 확인해주시면 됩니다 :)""
",2023-09,2023-09-11,7,Monday,Bot
428,2023-09-11 07:38:55,민마드,"""민마드님이 나갔습니다.""",2023-09,2023-09-11,7,Monday,Not defined
429,2023-09-11 08:55:56,동농이-노비스,"""https://cafe.naver.com/roalnam/16473?boardType=L1일차 인증 완료입니다""
",2023-09,2023-09-11,8,Monday,노비스
430,2023-09-11 08:56:27,월 순수익 2억,"""아침부터! 멋지십니다😆""",2023-09,2023-09-11,8,Monday,Not defined
431,2023-09-11 09:21:58,졸린 라이언,"""1일차 시작합니다.""",2023-09,2023-09-11,9,Monday,Not defined
432,2023-09-11 09:22:00,졸린 라이언,"""https://cafe.naver.com/roalnam/16475""",2023-09,2023-09-11,9,Monday,Not defined
433,2023-09-11 09:30:38,월 순수익 2억,"""1일차 화이팅입니다👍""",2023-09,2023-09-11,9,Monday,Not defined
434,2023-09-11 09:33:48,김현아,"""새로운 한 주 시작이네요, 다들 이번 주도 홧팅입니다~!""",2023-09,2023-09-11,9,Monday,Not defined
435,2023-09-11 09:40:10,우르스오너가될거얏,""" 이번주도 홧팅입니다|🫶""",2023-09,2023-09-11,9,Monday,Not defined
436,2023-09-11 09:40:55,열공 피치,"""다들 홧팅 하세요~!!""",2023-09,2023-09-11,9,Monday,Not defined
437,2023-09-11 09:52:20,어피치12,"""https://cafe.naver.com/roalnam/16480늦었지만 1일차 인증합니다.""
",2023-09,2023-09-11,9,Monday,Not defined
438,2023-09-11 09:56:28,요슬시계,"""요슬시계님이 들어왔습니다.""",2023-09,2023-09-11,9,Monday,Not defined
439,2023-09-11 09:56:28,오픈채팅봇,"""안녕하세요 [로알남 X 작심 2주 챌린지]에 참여해주심에 감사드립니다. 
1-3일차는 미션이 주어질 예정이니 해당 미션은 공지사항을 확인해주시면 됩니다 :)""
",2023-09,2023-09-11,9,Monday,Bot
440,2023-09-11 10:12:16,어피치12,"""https://cafe.naver.com/roalnam/164832일차 인증합니다.""
",2023-09,2023-09-11,10,Monday,Not defined
441,2023-09-11 10:14:45,릴모,"""2일차 인증입니다. https://cafe.naver.com/roalnam/16484
오늘 하루도 파이팅입니다.""
",2023-09,2023-09-11,10,Monday,Not defined
442,2023-09-11 10:16:03,글로리 - 운영진,"""화이팅입니다 ㅎㅎ 다들 끝까지완주해보시죠! """,2023-09,2023-09-11,10,Monday,운영진
443,2023-09-11 10:28:38,안지-노비스,"""https://cafe.naver.com/roalnam/16486?tc=shared_link 2일차 미션 인증 입니다! 모두들 오늘도 화이팅입니다!👏👏""",2023-09,2023-09-11,10,Monday,노비스
444,2023-09-11 10:33:47,월 순수익 2억,"""2일차! 빠르시군요!! 완주까지 가시죠~~!! 화이팅입니다👍""",2023-09,2023-09-11,10,Monday,Not defined
445,2023-09-11 10:48:44,요슬시계,"""좀 늦었지만 1일차 참여했습니다""",2023-09,2023-09-11,10,Monday,Not defined
446,2023-09-11 10:48:46,요슬시계,"""https://cafe.naver.com/roalnam/16490""",2023-09,2023-09-11,10,Monday,Not defined
447,2023-09-11 10:50:36,허성빈,"""아침부터 대단하십니다.""",2023-09,2023-09-11,10,Monday,Not defined
448,2023-09-11 10:50:43,허성빈,"""화이팅입니다!!""",2023-09,2023-09-11,10,Monday,Not defined
449,2023-09-11 10:50:53,요슬시계,"""넵감사합니다""",2023-09,2023-09-11,10,Monday,Not defined
450,2023-09-11 11:17:02,불나게 일하는 네오,"""죄송합니다. 늦은 1일차입니다 https://cafe.naver.com/roalnam/16492?boardType=L""",2023-09,2023-09-11,11,Monday,Not defined
451,2023-09-11 11:25:50,선풍기 바람 쐬는 어피치,"""선풍기 바람 쐬는 어피치님이 들어왔습니다.""",2023-09,2023-09-11,11,Monday,Not defined
452,2023-09-11 11:25:50,오픈채팅봇,"""안녕하세요 [로알남 X 작심 2주 챌린지]에 참여해주심에 감사드립니다. 
1-3일차는 미션이 주어질 예정이니 해당 미션은 공지사항을 확인해주시면 됩니다 :)""
",2023-09,2023-09-11,11,Monday,Bot
453,2023-09-11 11:27:58,lifehacker,"""https://cafe.naver.com/roalnam/16494?boardType=L""",2023-09,2023-09-11,11,Monday,Not defined
454,2023-09-11 11:33:04,포토잼이 노비스,"""https://cafe.naver.com/roalnam/16495?boardType=L""",2023-09,2023-09-11,11,Monday,노비스
455,2023-09-11 11:36:33,우마드,"""https://cafe.naver.com/roalnam/16491?tc=shared_link""",2023-09,2023-09-11,11,Monday,Not defined
456,2023-09-11 11:36:36,오아시스 - 노비스,"""https://cafe.naver.com/roalnam/16496  2일차 인증합니다""",2023-09,2023-09-11,11,Monday,노비스
457,2023-09-11 11:37:48,선풍기 바람 쐬는 어피치,"""https://cafe.naver.com/roalnam/16497""",2023-09,2023-09-11,11,Monday,Not defined
458,2023-09-11 11:39:14,김현아,"""열기가 느껴지는 스타트!!! 좋읍니다..다들 2주 완주하시죠🔥🔥👾
맛점하세요~~!""
",2023-09,2023-09-11,11,Monday,Not defined
459,2023-09-11 11:40:10,월 순수익 2억,"""밥은 드시면서 포스팅하죠~!! 다들 맛점하세요~😆""",2023-09,2023-09-11,11,Monday,Not defined
460,2023-09-11 11:40:31,보기맘 - 노비스,"""https://cafe.naver.com/roalnam/16410""",2023-09,2023-09-11,11,Monday,노비스
461,2023-09-11 11:40:41,보기맘 - 노비스,"""포스팅추가했씁니다~! 수고하세요!!!""",2023-09,2023-09-11,11,Monday,노비스
462,2023-09-11 11:43:58,노란배추잎-노비스,"""다들 열심히하시네요 오늘도 파이팅해요""",2023-09,2023-09-11,11,Monday,노비스
463,2023-09-11 11:47:36,보기맘 - 노비스,"""제가 인스타를 안해서 잘몰라서 그러는데! 로알남님 인스타 라이브 하시면 그 영상은 안남는건가요!?""",2023-09,2023-09-11,11,Monday,노비스
464,2023-09-11 11:54:26,배당귀족 - 노비스,"""ㅎㅎ 대충 세어봤는데 1일차 69명 완주했네요 나머지분들도 빨리 화이팅입니다.""",2023-09,2023-09-11,11,Monday,노비스
465,2023-09-11 12:00:08,보기맘 - 노비스,"""다음날 12시까지인게 얼마나 다행인지요🥲🥲🥲🥲""",2023-09,2023-09-11,12,Monday,노비스
466,2023-09-11 12:02:15,남여정,"""인스타 라이브 영상은 따로 남지 않습니다!""",2023-09,2023-09-11,12,Monday,Not defined
467,2023-09-11 12:04:49,용지 - 노비스,"""https://cafe.naver.com/roalnam/16499""",2023-09,2023-09-11,12,Monday,노비스
468,2023-09-11 12:04:55,용지 - 노비스,"""2일차 완료입니다!""",2023-09,2023-09-11,12,Monday,노비스
469,2023-09-11 12:09:56,보기맘 - 노비스,"""감사합니다!""",2023-09,2023-09-11,12,Monday,노비스
470,2023-09-11 12:18:32,박지운 - 노비스,"""https://cafe.naver.com/roalnam/16500 2일차 인증입니다.""
",2023-09,2023-09-11,12,Monday,노비스
471,2023-09-11 12:19:26,nj48 - 노비스,"""이제 2일차 올려도 되는건가요?""",2023-09,2023-09-11,12,Monday,노비스
472,2023-09-11 12:19:46,꾸자사모,"""00시부터 바로 시작인거같아요!""",2023-09,2023-09-11,12,Monday,Not defined
473,2023-09-11 12:38:29,nj48 - 노비스,"""넹""",2023-09,2023-09-11,12,Monday,노비스
474,2023-09-11 12:40:21,호호 부는 튜브,"""https://cafe.naver.com/roalnam/16503""",2023-09,2023-09-11,12,Monday,Not defined
475,2023-09-11 12:40:26,호호 부는 튜브,"""2일차 인증입니다 !""",2023-09,2023-09-11,12,Monday,Not defined
476,2023-09-11 12:45:03,월 순수익 2억,"""다들 빠르시군요!""",2023-09,2023-09-11,12,Monday,Not defined
477,2023-09-11 12:46:47,노란배추잎-노비스,"""https://cafe.naver.com/roalnam/16505?boardType=L""",2023-09,2023-09-11,12,Monday,노비스
478,2023-09-11 12:46:49,노란배추잎-노비스,"""사진""",2023-09,2023-09-11,12,Monday,노비스
479,2023-09-11 12:46:59,노란배추잎-노비스,"""2일차 인증이용!""",2023-09,2023-09-11,12,Monday,노비스
480,2023-09-11 12:48:41,mean88,"""삭제된 메시지입니다.""",2023-09,2023-09-11,12,Monday,Not defined
481,2023-09-11 12:53:39,mean88,"""https://cafe.naver.com/roalnam/16459""",2023-09,2023-09-11,12,Monday,Not defined
482,2023-09-11 12:53:52,mean88,"""https://cafe.naver.com/roalnam/16459""",2023-09,2023-09-11,12,Monday,Not defined
483,2023-09-11 12:54:27,mean88,"""작성은 어제 하고 카페에 올렸는데 카톡방은 새벽에 하면 안될것 같아서 지금 올립니다ㅠ""",2023-09,2023-09-11,12,Monday,Not defined
484,2023-09-11 12:54:34,mean88,"""2일차도 이따 올리겠습니다!""",2023-09,2023-09-11,12,Monday,Not defined
485,2023-09-11 13:24:42,스태디,"""스태디님이 들어왔습니다.""",2023-09,2023-09-11,13,Monday,Not defined
486,2023-09-11 13:24:42,오픈채팅봇,"""안녕하세요 [로알남 X 작심 2주 챌린지]에 참여해주심에 감사드립니다. 
1-3일차는 미션이 주어질 예정이니 해당 미션은 공지사항을 확인해주시면 됩니다 :)""
",2023-09,2023-09-11,13,Monday,Bot
487,2023-09-11 13:53:54,아이스조다-노비스,"""아이스조다-노비스님이 들어왔습니다.""",2023-09,2023-09-11,13,Monday,노비스
488,2023-09-11 13:53:54,오픈채팅봇,"""안녕하세요 [로알남 X 작심 2주 챌린지]에 참여해주심에 감사드립니다. 
1-3일차는 미션이 주어질 예정이니 해당 미션은 공지사항을 확인해주시면 됩니다 :)""
",2023-09,2023-09-11,13,Monday,Bot
489,2023-09-11 13:57:56,꾸자사모,"""어서오세용~반갑습니다!""",2023-09,2023-09-11,13,Monday,Not defined
490,2023-09-11 13:58:08,아이스조다-노비스,"""안녕하세요!""",2023-09,2023-09-11,13,Monday,노비스
491,2023-09-11 13:58:49,김현아,"""반갑습니다! """,2023-09,2023-09-11,13,Monday,Not defined
492,2023-09-11 14:03:26,다올,"""https://cafe.naver.com/roalnam/16510""",2023-09,2023-09-11,14,Monday,Not defined
493,2023-09-11 14:03:34,다올,"""뾱""",2023-09,2023-09-11,14,Monday,Not defined
494,2023-09-11 14:12:29,요슬시계,"""2일차 """,2023-09,2023-09-11,14,Monday,Not defined
495,2023-09-11 14:12:31,요슬시계,"""https://cafe.naver.com/roalnam/16511?boardType=L""",2023-09,2023-09-11,14,Monday,Not defined
496,2023-09-11 14:12:33,요슬시계,"""뾱뾱""",2023-09,2023-09-11,14,Monday,Not defined
497,2023-09-11 14:31:43,마에-노비스,"""https://cafe.naver.com/roalnam/16512""",2023-09,2023-09-11,14,Monday,노비스
498,2023-09-11 14:34:31,바미애미 - 노비스,"""2일차 미션 완료https://cafe.naver.com/roalnam/16514""
",2023-09,2023-09-11,14,Monday,노비스
499,2023-09-11 14:46:59,배당귀족 - 노비스,"""https://m.cafe.naver.com/ca-fe/web/cafes/30935751/articles/16509?fromList=true&menuId=58&tc=cafe_article_list""",2023-09,2023-09-11,14,Monday,노비스
500,2023-09-11 14:47:03,배당귀족 - 노비스,"""2일차 미션 완료입니다""",2023-09,2023-09-11,14,Monday,노비스
501,2023-09-11 15:10:19,레미⭐️,"""https://cafe.naver.com/roalnam/16518""",2023-09,2023-09-11,15,Monday,Not defined
502,2023-09-11 15:10:41,레미⭐️,"""2일차입니다~ 생각보다 하루하루 하려니 쉽지 않네요 ㅠㅠ 화이팅! """,2023-09,2023-09-11,15,Monday,Not defined
503,2023-09-11 15:21:08,쏘니헨리/월천부자,"""https://cafe.naver.com/roalnam/16520 2일차 미션 공유 드립니다.""",2023-09,2023-09-11,15,Monday,Not defined
504,2023-09-11 17:00:51,전재경,"""https://cafe.naver.com/roalnam/16533""",2023-09,2023-09-11,17,Monday,Not defined
505,2023-09-11 17:07:53,형목-테이커,"""ㅋㅋㅋㅋㄱ워프하면서 나쁜 습관인지 좋은 습관인지 모르겠지만""",2023-09,2023-09-11,17,Monday,테이커
506,2023-09-11 17:07:58,형목-테이커,"""유튜브 숏츠보다가""",2023-09,2023-09-11,17,Monday,테이커
507,2023-09-11 17:08:06,형목-테이커,"""고윤정 사복패션 숏초보고""",2023-09,2023-09-11,17,Monday,테이커
508,2023-09-11 17:08:26,형목-테이커,"""어씌 이거 글쓸까 하며 키워드마스터 반자동으로 되는거 좋은거겠죠?ㅋㅋ""",2023-09,2023-09-11,17,Monday,테이커
509,2023-09-11 17:09:52,형목-테이커,"""https://youtube.com/shorts/l1OCqvOUTT4?si=MblGA404awRuxBUX누군가에겐 영감이 되어 세상에 좋은 정보로 기여되기를 소망합니다.ㅎㅎ""
",2023-09,2023-09-11,17,Monday,테이커
510,2023-09-11 17:10:05,형목-테이커,"""저는 200프로...못 살리겠습니다.ㅋㅋ""",2023-09,2023-09-11,17,Monday,테이커
511,2023-09-11 17:11:19,꾸자사모,"""그렇게 꿀통키워드를 찾게되시는데...(최고)""",2023-09,2023-09-11,17,Monday,Not defined
512,2023-09-11 17:29:31,대형사고,"""눈만 즐거운 쪼랩은 웃프네요""",2023-09,2023-09-11,17,Monday,Not defined
513,2023-09-11 18:02:29,하드위키,"""https://cafe.naver.com/roalnam/16454""",2023-09,2023-09-11,18,Monday,Not defined
514,2023-09-11 18:02:44,하드위키,"""2일차도 완수했습니다ㅎㅎ""",2023-09,2023-09-11,18,Monday,Not defined
515,2023-09-11 18:02:59,글로리 - 운영진,"""ㅋㅋㅋㅋㅋ 미모가 빛을 발하는군요 하다보면 어떤 키워드는 몇월에 뜨겠다 이런것도 생각이 나기 마련입니다 ㅎㅎ""",2023-09,2023-09-11,18,Monday,운영진
516,2023-09-11 18:03:04,글로리 - 운영진,"""다들 멋지십니다 :)""",2023-09,2023-09-11,18,Monday,운영진
517,2023-09-11 18:38:23,별별 - 노비스,"""https://cafe.naver.com/roalnam/165382일차 미션 완료입니다^^""
",2023-09,2023-09-11,18,Monday,노비스
518,2023-09-11 18:44:51,허성빈,"""벌써 7분의 1 해내셨네요. 앞으로도 금방이실겁니다.""",2023-09,2023-09-11,18,Monday,Not defined
519,2023-09-11 18:46:14,저니,"""https://cafe.naver.com/roalnam/165392일차 인증입니다~ 모두 화이팅!""
",2023-09,2023-09-11,18,Monday,Not defined
520,2023-09-11 19:04:31,새로운도약,"""https://cafe.naver.com/roalnam/16540?boardType=L 2일차도 인증합니다 다들 화이팅이요 !""",2023-09,2023-09-11,19,Monday,Not defined
521,2023-09-11 19:43:48,JJF,"""https://cafe.naver.com/roalnam/16542?tc=shared_link인증합니다 🌴""
",2023-09,2023-09-11,19,Monday,Not defined
522,2023-09-11 19:58:33,칼스,"""https://cafe.naver.com/roalnam/16544""",2023-09,2023-09-11,19,Monday,Not defined
523,2023-09-11 19:58:39,칼스,"""칼스 2일차 인증합니다""",2023-09,2023-09-11,19,Monday,Not defined
524,2023-09-11 19:59:37,cometrue,"""https://cafe.naver.com/roalnam/16545""",2023-09,2023-09-11,19,Monday,Not defined
525,2023-09-11 19:59:42,cometrue,"""2일차 인증합니다""",2023-09,2023-09-11,19,Monday,Not defined
526,2023-09-11 20:08:47,뉴띵,"""https://cafe.naver.com/roalnam/16546""",2023-09,2023-09-11,20,Monday,Not defined
527,2023-09-11 20:08:51,뉴띵,"""2일차 인증입니다""",2023-09,2023-09-11,20,Monday,Not defined
528,2023-09-11 20:09:14,대형사고,"""https://cafe.naver.com/roalnam/16547""",2023-09,2023-09-11,20,Monday,Not defined
529,2023-09-11 20:19:08,배한결,"""2일차 인증합니다!https://cafe.naver.com/roalnam/16541?tc=shared_link""
",2023-09,2023-09-11,20,Monday,Not defined
530,2023-09-11 20:27:52,꼬마이엔티,"""https://cafe.naver.com/roalnam/16530?tc=shared_link""",2023-09,2023-09-11,20,Monday,Not defined
531,2023-09-11 20:27:57,꼬마이엔티,"""2일차 인증합니다""",2023-09,2023-09-11,20,Monday,Not defined
532,2023-09-11 20:34:29,nj48 - 노비스,"""혹시 근데 2일차는 미션 없나요..?""",2023-09,2023-09-11,20,Monday,노비스
533,2023-09-11 20:35:05,nj48 - 노비스,"""엥""",2023-09,2023-09-11,20,Monday,노비스
534,2023-09-11 20:35:11,nj48 - 노비스,"""공지에 있네요..ㅋㅋㅋ""",2023-09,2023-09-11,20,Monday,노비스
535,2023-09-11 20:38:35,졸린 라이언,"""https://cafe.naver.com/roalnam/16554""",2023-09,2023-09-11,20,Monday,Not defined
536,2023-09-11 20:38:50,졸린 라이언,"""2일차 인증합니다""",2023-09,2023-09-11,20,Monday,Not defined
537,2023-09-11 20:45:33,스태디,"""https://cafe.naver.com/roalnam/16522?tc=shared_link""",2023-09,2023-09-11,20,Monday,Not defined
538,2023-09-11 20:45:38,스태디,"""1일차 인증합니다""",2023-09,2023-09-11,20,Monday,Not defined
539,2023-09-11 20:46:06,스태디,"""https://cafe.naver.com/roalnam/16552?tc=shared_link""",2023-09,2023-09-11,20,Monday,Not defined
540,2023-09-11 20:46:13,스태디,"""2일차도 인증합니다""",2023-09,2023-09-11,20,Monday,Not defined
541,2023-09-11 20:47:37,아이스조다-노비스,"""https://cafe.naver.com/roalnam/16548""",2023-09,2023-09-11,20,Monday,노비스
542,2023-09-11 20:47:40,아이스조다-노비스,"""1일차 인증합니다""",2023-09,2023-09-11,20,Monday,노비스
543,2023-09-11 20:47:49,아이스조다-노비스,"""https://cafe.naver.com/roalnam/16548""",2023-09,2023-09-11,20,Monday,노비스
544,2023-09-11 20:47:52,아이스조다-노비스,"""2일차 인증합니다""",2023-09,2023-09-11,20,Monday,노비스
545,2023-09-11 20:53:00,보기맘 - 노비스,"""https://cafe.naver.com/roalnam/16557""",2023-09,2023-09-11,20,Monday,노비스
546,2023-09-11 20:53:13,보기맘 - 노비스,"""2일차 인증입니다.. 포스팅은 내일 12시전으로 할것같아요 ㅜ0ㅜ""",2023-09,2023-09-11,20,Monday,노비스
547,2023-09-11 21:22:45,폭풍성장-노비스,"""https://cafe.naver.com/roalnam/16559?tc=shared_link2일차 인증합니다""
",2023-09,2023-09-11,21,Monday,노비스
548,2023-09-11 21:29:50,조희,"""모두 끝까지 화이팅입니다 ㅎㅎ 다 같이 가니 더 힘나네요 """,2023-09,2023-09-11,21,Monday,Not defined
549,2023-09-11 21:34:44,노란배추잎-노비스,"""넹 모두 화이팅 해용. 포기하짐 말고 끝까지 해봐요""",2023-09,2023-09-11,21,Monday,노비스
550,2023-09-11 21:34:46,노란배추잎-노비스,"""이모티콘""",2023-09,2023-09-11,21,Monday,노비스
551,2023-09-11 21:38:37,우르스오너가될거얏,"""https://cafe.naver.com/roalnam/16563?boardType=L""",2023-09,2023-09-11,21,Monday,Not defined
552,2023-09-11 21:38:42,우르스오너가될거얏,"""2일차 인증합니다!""",2023-09,2023-09-11,21,Monday,Not defined
553,2023-09-11 21:45:04,ruby,"""https://cafe.naver.com/roalnam/16561""",2023-09,2023-09-11,21,Monday,Not defined
554,2023-09-11 21:45:19,ruby,"""2일차 인증입니다 😊""",2023-09,2023-09-11,21,Monday,Not defined
555,2023-09-11 21:46:57,월 순수익 2억,"""인증이 계속 올라오네요!! 다들 열심히하시는군요!!!! 화이팅입니다👍👍""",2023-09,2023-09-11,21,Monday,Not defined
556,2023-09-11 21:47:05,글로리 - 운영진,"""ㅎㅎㅎ다들 멋지십니다!!""",2023-09,2023-09-11,21,Monday,운영진
557,2023-09-11 21:55:13,쏘 노비스,"""https://cafe.naver.com/roalnam/16566 2일차 인증합니다""",2023-09,2023-09-11,21,Monday,노비스
558,2023-09-11 21:59:09,꾸자사모,"""https://cafe.naver.com/roalnam/165672일차 인증입니다!""
",2023-09,2023-09-11,21,Monday,Not defined
559,2023-09-11 21:59:12,꾸자사모,"""사진""",2023-09,2023-09-11,21,Monday,Not defined
560,2023-09-11 22:03:46,귀여운고래-노비스-,"""https://cafe.naver.com/roalnam/16565?tc=shared_link2일차 인증~""
",2023-09,2023-09-11,22,Monday,노비스
561,2023-09-11 22:04:15,월 순수익 2억,"""앜ㅋㅋㅋ 카톡 따봉이모티콘이군요""",2023-09,2023-09-11,22,Monday,Not defined
562,2023-09-11 22:04:57,꾸자사모,"""ㅋㅋㅋㅋ 넵 ㅋㅋㅋ 적당한 썸넬 뭐있나 하다가 눈에 띄어서... 밑에가 살짝 짤린게 아쉽네용 ㅋㅋ""",2023-09,2023-09-11,22,Monday,Not defined
563,2023-09-11 22:06:26,nj48 - 노비스,"""https://cafe.naver.com/roalnam/16569""",2023-09,2023-09-11,22,Monday,노비스
564,2023-09-11 22:06:39,nj48 - 노비스,"""2일차입니다.""",2023-09,2023-09-11,22,Monday,노비스
565,2023-09-11 22:25:54,현정-노비즈,"""https://cafe.naver.com/roalnam/165712일차 인증합니다""
",2023-09,2023-09-11,22,Monday,Not defined
566,2023-09-11 22:27:13,강지윤 - 노비스,"""https://cafe.naver.com/roalnam/16572""",2023-09,2023-09-11,22,Monday,노비스
567,2023-09-11 22:31:21,양손 엄지척 무지,"""https://m.cafe.naver.com/roalnam/16570""",2023-09,2023-09-11,22,Monday,Not defined
568,2023-09-11 22:41:17,캠린이쓰,"""https://m.cafe.naver.com/roalnam/16574""",2023-09,2023-09-11,22,Monday,Not defined
569,2023-09-11 22:41:35,캠린이쓰,"""2일차 미션 인증입니다. 오늘하루도 공생ㅁ 많으셨습니다!""",2023-09,2023-09-11,22,Monday,Not defined
570,2023-09-11 22:41:45,월 순수익 2억,"""고생많으셨어요~~!! ㅎㅎ""",2023-09,2023-09-11,22,Monday,Not defined
571,2023-09-11 22:43:25,슈퍼노멀,"""https://cafe.naver.com/roalnam/16575""",2023-09,2023-09-11,22,Monday,Not defined
572,2023-09-11 22:47:06,정성우,"""https://cafe.naver.com/roalnam/16577?boardType=L""",2023-09,2023-09-11,22,Monday,Not defined
573,2023-09-11 22:47:11,정성우,"""https://cafe.naver.com/roalnam/16577""",2023-09,2023-09-11,22,Monday,Not defined
574,2023-09-11 22:47:13,정성우,"""저도 인증합니다~!""",2023-09,2023-09-11,22,Monday,Not defined
575,2023-09-11 22:52:19,현재의지금,"""https://cafe.naver.com/roalnam/16578""",2023-09,2023-09-11,22,Monday,Not defined
576,2023-09-11 22:52:25,현재의지금,"""2일차 미션 완료했어용""",2023-09,2023-09-11,22,Monday,Not defined
577,2023-09-11 22:58:44,디노디노1-노비스,"""디노디노1-노비스님이 나갔습니다.""",2023-09,2023-09-11,22,Monday,노비스
578,2023-09-11 22:59:04,잇찬 - 노비스,"""https://cafe.naver.com/roalnam/16579""",2023-09,2023-09-11,22,Monday,노비스
579,2023-09-11 22:59:11,잇찬 - 노비스,"""2일차 미션 완료입니다.""",2023-09,2023-09-11,22,Monday,노비스
580,2023-09-11 23:02:57,Young Studio - 노비스,"""2일차 미션 내일 오후12시까지 하면 괜찮은건가요?""",2023-09,2023-09-11,23,Monday,노비스
581,2023-09-11 23:05:17,글로리 - 운영진,"""네 맞습니다.""",2023-09,2023-09-11,23,Monday,운영진
582,2023-09-11 23:27:15,저요저,"""https://cafe.naver.com/roalnam/16582""",2023-09,2023-09-11,23,Monday,Not defined
583,2023-09-11 23:28:46,mean88,"""https://cafe.naver.com/roalnam/16583""",2023-09,2023-09-11,23,Monday,Not defined
584,2023-09-11 23:29:24,mean88,"""미션 완료했습니다 다같이 꼭 성공했으면 좋겠습니다""",2023-09,2023-09-11,23,Monday,Not defined
585,2023-09-11 23:59:41,클레버썬,"""https://cafe.naver.com/roalnam/16589?boardType=L""",2023-09,2023-09-11,23,Monday,Not defined
586,2023-09-11 23:59:49,클레버썬,"""저도 2일차인증 막차탑니당""",2023-09,2023-09-11,23,Monday,Not defined
587,2023-09-12 00:01:58,열공 피치,"""https://cafe.naver.com/roalnam/16590?boardType=L""",2023-09,2023-09-12,0,Tuesday,Not defined
588,2023-09-12 00:02:09,열공 피치,"""엇! 2일차 인증하구 자러갑니다~""",2023-09,2023-09-12,0,Tuesday,Not defined
589,2023-09-12 00:13:09,글로리 - 운영진,"""늦은 시간에도 다들 멋지십니다""",2023-09,2023-09-12,0,Tuesday,운영진
590,2023-09-12 00:13:14,글로리 - 운영진,"""이모티콘""",2023-09,2023-09-12,0,Tuesday,운영진
591,2023-09-12 00:33:55,무감정,"""2일차 인증합니다.https://cafe.naver.com/roalnam/16596""
",2023-09,2023-09-12,0,Tuesday,Not defined
592,2023-09-12 00:34:13,happygiver,"""https://cafe.naver.com/roalnam/16597""",2023-09,2023-09-12,0,Tuesday,Not defined
593,2023-09-12 00:34:18,happygiver,"""2일차 인증입니다 :)""",2023-09,2023-09-12,0,Tuesday,Not defined
594,2023-09-12 00:45:45,배당귀족 - 노비스,"""3일차 미션은 아직 없나요?""",2023-09,2023-09-12,0,Tuesday,노비스
595,2023-09-12 00:47:03,Doori,"""https://cafe.naver.com/roalnam/16599""",2023-09,2023-09-12,0,Tuesday,Not defined
596,2023-09-12 00:47:10,Doori,"""2일차 미션 인증합니다.""",2023-09,2023-09-12,0,Tuesday,Not defined
597,2023-09-12 00:48:17,글로리 - 운영진,"""1시에 올려드릴게욥 """,2023-09,2023-09-12,0,Tuesday,운영진
598,2023-09-12 00:57:16,배당귀족 - 노비스,"""삭제된 메시지입니다.""",2023-09,2023-09-12,0,Tuesday,노비스
599,2023-09-12 00:57:24,배당귀족 - 노비스,"""예 알겠습니다""",2023-09,2023-09-12,0,Tuesday,노비스
600,2023-09-12 01:00:53,글로리 - 운영진,"""1일 차 미션- 1) 워드프레스에 입문 하게 된 계기 ( 현재 하고 있는 일, 고충 등 )
2) 로알남 유튜브 영상(쇼츠 포함) 가장 인상 깊었던 영상과 이유, 목표 월 수익
2일 차 미션 - 
1) 완전한 디지털 노마드가 되었을 때 원하는 나의 하루 일과
2) 카페 게시판 로알남 칼럼 중 가장 인상 깊었던 글 링크와 함께 이유 
3일 차 미션 - 
1) 월 수익 목표를 찍으면 가장 먼저 하고 싶은 일은?
2) 로마드 네트워킹에 들어오면서, 어떤 부분들이 가장 장점이었는지
게시글 작성 후 채팅방에 3일차 인증 메세지와 함께 링크 보내주시면 됩니다.""
",2023-09,2023-09-12,1,Tuesday,운영진
601,2023-09-12 01:00:56,글로리 - 운영진,"""톡게시판 '공지': 1일 차 미션- 1) 워드프레스에 입문 하게 된 계기 ( 현재 하고 있는 일, 고충 등 )
2) 로알남 유튜브 영상(쇼츠 포함) 가장 인상 깊었던 영상과 이유, 목표 월 수익
2일 차 미션 - 
1) 완전한 디지털 노마드가 되었을 때 원하는 나의 하루 일과
2) 카페 게시판 로알남 칼럼 중 가장 인상 깊었던 글 링크와 함께 이유 
3일 차 미션 - 
1) 월 수익 목표를 찍으면 가장 먼저 하고 싶은 일은?
2) 로마드 네트워킹에 들어오면서, 어떤 부분들이 가장 장점이었는지
게시글 작성 후 채팅방에 3일차 인증 메세지와 함께 링크 보내주시면 됩니다.""
",2023-09,2023-09-12,1,Tuesday,운영진
602,2023-09-12 01:17:20,태평양금붕어,"""https://cafe.naver.com/roalnam/16602?tc=shared_link""",2023-09,2023-09-12,1,Tuesday,Not defined
603,2023-09-12 01:17:28,태평양금붕어,"""2일차 인증함니다!!""",2023-09,2023-09-12,1,Tuesday,Not defined
604,2023-09-12 01:31:03,김래아,"""2일차 인증합니다! https://cafe.naver.com/roalnam/16604?tc=shared_link""",2023-09,2023-09-12,1,Tuesday,Not defined
605,2023-09-12 02:16:29,오아시스 - 노비스,"""https://cafe.naver.com/roalnam/16608""
",2023-09,2023-09-12,2,Tuesday,노비스
606,2023-09-12 02:16:35,오아시스 - 노비스,"""3일차 인증합니다""",2023-09,2023-09-12,2,Tuesday,노비스
607,2023-09-12 03:59:25,새로운도약,"""https://cafe.naver.com/roalnam/16609""",2023-09,2023-09-12,3,Tuesday,Not defined
608,2023-09-12 03:59:36,새로운도약,"""저도 늦은밤이지만 3일차 인증합니당""",2023-09,2023-09-12,3,Tuesday,Not defined
609,2023-09-12 04:00:28,올이지 - 운영진,"""다들 늦은밤까지 멋지십니다 ㅎㅎㅎㅎ 마지막까지 화이팅입니다 ^^""",2023-09,2023-09-12,4,Tuesday,운영진
610,2023-09-12 04:01:32,새로운도약,"""운영진님 늦은 밤인데 좋은 말씀 감사합니다 ㅎㅎ 더 열심히 달려보겠습니다""",2023-09,2023-09-12,4,Tuesday,Not defined
611,2023-09-12 04:03:22,올이지 - 운영진,"""썸네일 만들어 주는 무료툴 """,2023-09,2023-09-12,4,Tuesday,운영진
612,2023-09-12 04:03:26,올이지 - 운영진,""" canva.com""",2023-09,2023-09-12,4,Tuesday,운영진
613,2023-09-12 04:03:29,올이지 - 운영진,"""miricanvas.com""",2023-09,2023-09-12,4,Tuesday,운영진
614,2023-09-12 04:03:39,올이지 - 운영진,"""요거 2개 참고하시면 도움 될 것 같습니다 ^^""",2023-09,2023-09-12,4,Tuesday,운영진
615,2023-09-12 04:04:42,올이지 - 운영진,"""혹시라도 컴퓨터보다는폰이 편하신 분들은
글씨팡팡
https://play.google.com/store/apps/details?id=com.jina.cutext&hl=ko&gl=US""
",2023-09,2023-09-12,4,Tuesday,운영진
616,2023-09-12 04:04:59,올이지 - 운영진,"""글그램 - 사진에 글 넣는 앱https://play.google.com/store/apps/details?id=com.withwho.gulgram&hl=ko&gl=US""
",2023-09,2023-09-12,4,Tuesday,운영진
617,2023-09-12 04:06:10,올이지 - 운영진,"""영상 편집툴은CapCut
https://play.google.com/store/apps/details?id=com.lemon.lvoverseas&hl=ko&gl=US""
",2023-09,2023-09-12,4,Tuesday,운영진
618,2023-09-12 04:06:17,올이지 - 운영진,"""Vitahttps://play.google.com/store/apps/details?id=com.snowcorp.vita&hl=ko&gl=US""
",2023-09,2023-09-12,4,Tuesday,운영진
619,2023-09-12 04:06:19,올이지 - 운영진,"""요거 추천드려용 ㅎㅎ""",2023-09,2023-09-12,4,Tuesday,운영진
620,2023-09-12 04:06:41,새로운도약,"""이야 정보 너무 야무진데요 ? 참고하겠습니다 감사합니다""",2023-09,2023-09-12,4,Tuesday,Not defined
621,2023-09-12 04:06:49,새로운도약,"""이모티콘""",2023-09,2023-09-12,4,Tuesday,Not defined
622,2023-09-12 04:07:12,올이지 - 운영진,"""저도 포토샵이나 일러스트 사용하기 어렵지만급하게 필요할 때 사용하는 툴이라 사용하시기 편할거에요 ㅎㅎ""
",2023-09,2023-09-12,4,Tuesday,운영진
623,2023-09-12 04:30:29,요슬시계,"""3일차인증합니다""",2023-09,2023-09-12,4,Tuesday,Not defined
624,2023-09-12 04:30:30,요슬시계,"""https://cafe.naver.com/roalnam/16611?boardType=L""",2023-09,2023-09-12,4,Tuesday,Not defined
625,2023-09-12 06:14:36,설꿍이-노비스,"""https://cafe.naver.com/roalnam/16613 2일차 인증입니다.""",2023-09,2023-09-12,6,Tuesday,노비스
626,2023-09-12 07:00:40,불나게 일하는 네오,"""삭제된 메시지입니다.""",2023-09,2023-09-12,7,Tuesday,Not defined
627,2023-09-12 07:00:43,불나게 일하는 네오,"""삭제된 메시지입니다.""",2023-09,2023-09-12,7,Tuesday,Not defined
628,2023-09-12 07:05:12,불나게 일하는 네오,"""2일차 인증합니다 https://cafe.naver.com/roalnam/16616""",2023-09,2023-09-12,7,Tuesday,Not defined
629,2023-09-12 07:20:55,응원하는 튜브,"""응원하는 튜브님이 들어왔습니다.""",2023-09,2023-09-12,7,Tuesday,Not defined
630,2023-09-12 07:20:55,오픈채팅봇,"""안녕하세요 [로알남 X 작심 2주 챌린지]에 참여해주심에 감사드립니다. 
1-3일차는 미션이 주어질 예정이니 해당 미션은 공지사항을 확인해주시면 됩니다 :)""
",2023-09,2023-09-12,7,Tuesday,Bot
631,2023-09-12 07:30:46,동농이-노비스,"""https://cafe.naver.com/roalnam/166172일차 인증입니다 안녕히주무세용..""
",2023-09,2023-09-12,7,Tuesday,노비스
632,2023-09-12 08:45:40,GL혼혈-노비스,"""https://cafe.naver.com/roalnam/16620""",2023-09,2023-09-12,8,Tuesday,노비스
633,2023-09-12 09:29:49,김현아,"""오늘도 다들 홧팅입니다~!! 좋은 하루 보내세요 (좋아)""",2023-09,2023-09-12,9,Tuesday,Not defined
634,2023-09-12 09:36:49,월 순수익 2억,"""오늘도 화이팅입니다~~👍""",2023-09,2023-09-12,9,Tuesday,Not defined
635,2023-09-12 09:37:10,열공 피치,"""다들 화이팅 하셔요!!""",2023-09,2023-09-12,9,Tuesday,Not defined
636,2023-09-12 09:40:19,안지-노비스,"""3일차 인증입니다! 오늘도 화이팅입니다!!!!""",2023-09,2023-09-12,9,Tuesday,노비스
637,2023-09-12 09:40:25,안지-노비스,"""https://cafe.naver.com/roalnam/16622?tc=shared_link""",2023-09,2023-09-12,9,Tuesday,노비스
638,2023-09-12 10:01:41,Young Studio - 노비스,"""https://cafe.naver.com/roalnam/16625?boardType=L""",2023-09,2023-09-12,10,Tuesday,노비스
639,2023-09-12 10:01:59,Young Studio - 노비스,"""밤에 3일차 해야 겠네요""",2023-09,2023-09-12,10,Tuesday,노비스
640,2023-09-12 10:08:04,빛락,"""https://cafe.naver.com/roalnam/16626?boardType=L""",2023-09,2023-09-12,10,Tuesday,Not defined
641,2023-09-12 10:22:38,어피치12,"""https://cafe.naver.com/roalnam/16628""",2023-09,2023-09-12,10,Tuesday,Not defined
642,2023-09-12 10:24:34,스태디,"""https://cafe.naver.com/roalnam/16629?tc=shared_link""",2023-09,2023-09-12,10,Tuesday,Not defined
643,2023-09-12 10:25:07,스태디,"""3일차 미션 인증입니다 :))""",2023-09,2023-09-12,10,Tuesday,Not defined
644,2023-09-12 10:40:03,와인농장 - 노비스,"""https://cafe.naver.com/roalnam/16630?boardType=L조금늦었습니다 ㅠ
2일차 인증입니다.""
",2023-09,2023-09-12,10,Tuesday,노비스
645,2023-09-12 10:59:27,lifehacker,"""https://m.cafe.naver.com/ca-fe/web/cafes/30935751/articles/16634?fromList=true&tc=cafe_home_all_articles""",2023-09,2023-09-12,10,Tuesday,Not defined
646,2023-09-12 11:04:34,포토잼이 노비스,"""https://cafe.naver.com/roalnam/16636?boardType=L""",2023-09,2023-09-12,11,Tuesday,노비스
647,2023-09-12 11:04:48,포토잼이 노비스,"""사진""",2023-09,2023-09-12,11,Tuesday,노비스
648,2023-09-12 11:22:06,얼동식-노비스,"""https://cafe.naver.com/roalnam/16638?tc=shared_link3일차 인증합니다.""
",2023-09,2023-09-12,11,Tuesday,노비스
649,2023-09-12 11:31:50,우마드,"""https://cafe.naver.com/roalnam/16639?tc=shared_link2일차 인증입니다! 오늘 서둘러서 3일차 마무리 해야겠네요ㅎㅎ""
",2023-09,2023-09-12,11,Tuesday,Not defined
650,2023-09-12 11:38:42,레미⭐️,"""https://cafe.naver.com/roalnam/16640""",2023-09,2023-09-12,11,Tuesday,Not defined
651,2023-09-12 11:38:53,레미⭐️,"""3일차 미션과 인증했습니다. 오늘도 화이팅 하세요~ """,2023-09,2023-09-12,11,Tuesday,Not defined
652,2023-09-12 11:40:56,보기맘 - 노비스,"""https://cafe.naver.com/roalnam/16557""",2023-09,2023-09-12,11,Tuesday,노비스
653,2023-09-12 11:41:11,보기맘 - 노비스,"""포스팅추가 2일차 세잎했숨돵~!""
",2023-09,2023-09-12,11,Tuesday,노비스
654,2023-09-12 11:44:45,보기맘 - 노비스,"""https://cafe.naver.com/roalnam/16642""",2023-09,2023-09-12,11,Tuesday,노비스
655,2023-09-12 11:44:53,보기맘 - 노비스,"""3일차 미션입니다. 포스팅은 추후 추가하겠씀니다""",2023-09,2023-09-12,11,Tuesday,노비스
656,2023-09-12 11:51:57,타주,"""https://cafe.naver.com/roalnam/16641""",2023-09,2023-09-12,11,Tuesday,Not defined
657,2023-09-12 11:51:59,타주,"""2일차입니다!""",2023-09,2023-09-12,11,Tuesday,Not defined
658,2023-09-12 11:58:30,아이스크림 든 네오,"""https://cafe.naver.com/roalnam/16643""",2023-09,2023-09-12,11,Tuesday,Not defined
659,2023-09-12 11:58:36,아이스크림 든 네오,"""2일차 인증합니다!""",2023-09,2023-09-12,11,Tuesday,Not defined
660,2023-09-12 12:16:20,호호 부는 튜브,"""https://m.cafe.naver.com/ca-fe/web/cafes/30935751/articles/16647?fromList=true&menuId=58&tc=cafe_article_list """,2023-09,2023-09-12,12,Tuesday,Not defined
661,2023-09-12 12:16:24,호호 부는 튜브,"""3일차 인증입니다""",2023-09,2023-09-12,12,Tuesday,Not defined
662,2023-09-12 12:18:17,월 순수익 2억,"""다들 점심은 드시고 하시는거죠~? 아무리 바빠도~ 밥은 챙겨드세요~!""",2023-09,2023-09-12,12,Tuesday,Not defined
663,2023-09-12 12:25:39,노란배추잎-노비스,"""넹 점심 맛있게 드세용!!""",2023-09,2023-09-12,12,Tuesday,노비스
664,2023-09-12 13:08:43,박지운 - 노비스,"""https://cafe.naver.com/roalnam/166523알차 인증입니다""
",2023-09,2023-09-12,13,Tuesday,노비스
665,2023-09-12 13:08:58,배당귀족 - 노비스,"""삭제된 메시지입니다.""",2023-09,2023-09-12,13,Tuesday,노비스
666,2023-09-12 13:09:03,배당귀족 - 노비스,"""3일차 인증입니다""",2023-09,2023-09-12,13,Tuesday,노비스
667,2023-09-12 13:09:16,배당귀족 - 노비스,"""ㅠㅠ""",2023-09,2023-09-12,13,Tuesday,노비스
668,2023-09-12 13:09:39,배당귀족 - 노비스,"""삭제된 메시지입니다.""",2023-09,2023-09-12,13,Tuesday,노비스
669,2023-09-12 13:10:11,배당귀족 - 노비스,"""삭제된 메시지입니다.""",2023-09,2023-09-12,13,Tuesday,노비스
670,2023-09-12 13:10:25,배당귀족 - 노비스,"""왜 3일차 글이 안나오지 복사햇는데여. ㅠㅠ""",2023-09,2023-09-12,13,Tuesday,노비스
671,2023-09-12 13:11:12,배당귀족 - 노비스,"""https://cafe.naver.com/roalnam/16651""",2023-09,2023-09-12,13,Tuesday,노비스
672,2023-09-12 13:11:21,배당귀족 - 노비스,"""공유하기로 하니까 되네요 ㅎㅎ 인증입니다""",2023-09,2023-09-12,13,Tuesday,노비스
673,2023-09-12 13:24:38,바미애미 - 노비스,"""https://cafe.naver.com/roalnam/166533일차 인증입니다.""
",2023-09,2023-09-12,13,Tuesday,노비스
674,2023-09-12 13:29:20,용지 - 노비스,"""https://cafe.naver.com/roalnam/166543일차입니닷""
",2023-09,2023-09-12,13,Tuesday,노비스
675,2023-09-12 13:45:28,쏘 노비스,"""3일차 인증합니다 https://cafe.naver.com/roalnam/16655""",2023-09,2023-09-12,13,Tuesday,노비스
676,2023-09-12 13:58:57,글로리 - 운영진,"""ㅎㅎ 다들 멋지십니다 오후도 화이팅해서 달려보시죠!""",2023-09,2023-09-12,13,Tuesday,운영진
677,2023-09-12 13:59:20,김현아,"""오늘 오후도 홧팅입니다~!!""",2023-09,2023-09-12,13,Tuesday,Not defined
678,2023-09-12 14:04:26,강지윤 - 노비스,"""굿굿~~ 2주 챌린지 팀원 모두 오늘도 즐거운 하루 보내세요^^* """,2023-09,2023-09-12,14,Tuesday,노비스
679,2023-09-12 14:08:06,GLB,"""GLB님이 나갔습니다.""",2023-09,2023-09-12,14,Tuesday,Not defined
680,2023-09-12 14:10:30,노란배추잎-노비스,"""오늘이 작심 3일차네요 모두 포기하지 말고 끝가지 해봐용 화이팅""",2023-09,2023-09-12,14,Tuesday,노비스
681,2023-09-12 14:30:59,노란배추잎-노비스,"""https://cafe.naver.com/roalnam/16658?boardType=L""",2023-09,2023-09-12,14,Tuesday,노비스
682,2023-09-12 14:31:12,노란배추잎-노비스,"""3일차 미션 인증이용!""",2023-09,2023-09-12,14,Tuesday,노비스
683,2023-09-12 14:31:17,노란배추잎-노비스,"""사진""",2023-09,2023-09-12,14,Tuesday,노비스
684,2023-09-12 15:18:41,귀여운고래-노비스-,"""https://m.cafe.naver.com/roalnam/16659 3일차 미션 인증요!""
",2023-09,2023-09-12,15,Tuesday,노비스
685,2023-09-12 15:26:16,우르스오너가될거얏,"""https://cafe.naver.com/roalnam/16664?boardType=L""",2023-09,2023-09-12,15,Tuesday,Not defined
686,2023-09-12 15:26:23,우르스오너가될거얏,"""3일차 인증합니다!""",2023-09,2023-09-12,15,Tuesday,Not defined
687,2023-09-12 15:38:56,꼬마이엔티,"""https://cafe.naver.com/roalnam/16668?tc=shared_link""",2023-09,2023-09-12,15,Tuesday,Not defined
688,2023-09-12 15:39:03,꼬마이엔티,"""3일차 인증합니다. 다들 화이팅!""",2023-09,2023-09-12,15,Tuesday,Not defined
689,2023-09-12 15:39:25,월 순수익 2억,"""화이팅입니다!!""",2023-09,2023-09-12,15,Tuesday,Not defined
690,2023-09-12 16:10:02,양손 엄지척 무지,"""https://m.cafe.naver.com/roalnam/16662""",2023-09,2023-09-12,16,Tuesday,Not defined
691,2023-09-12 16:10:27,양손 엄지척 무지,"""3일차 인증 입니다 ! 모두들 멋지십니다 !!! 화이팅 🤍""",2023-09,2023-09-12,16,Tuesday,Not defined
692,2023-09-12 16:38:45,졸린 라이언,"""https://cafe.naver.com/roalnam/16675""",2023-09,2023-09-12,16,Tuesday,Not defined
693,2023-09-12 16:38:49,졸린 라이언,"""3일차인증합니다""",2023-09,2023-09-12,16,Tuesday,Not defined
694,2023-09-12 16:39:01,쏘니헨리/월천부자,"""https://cafe.naver.com/roalnam/16676 3일차 인증 합니다""",2023-09,2023-09-12,16,Tuesday,Not defined
695,2023-09-12 17:51:21,저니,"""https://cafe.naver.com/roalnam/166803일차 인증합니다:)""
",2023-09,2023-09-12,17,Tuesday,Not defined
696,2023-09-12 18:00:28,하드위키,"""https://cafe.naver.com/roalnam/166213일차 포스팅과 미션도 인증합니다~^^""
",2023-09,2023-09-12,18,Tuesday,Not defined
697,2023-09-12 18:25:20,JJF,"""https://cafe.naver.com/roalnam/16681?tc=shared_link3일차 인증
모두 즐거운 저녁되세요 :)""
",2023-09,2023-09-12,18,Tuesday,Not defined
698,2023-09-12 18:41:45,뉴띵,"""https://cafe.naver.com/roalnam/16683""",2023-09,2023-09-12,18,Tuesday,Not defined
699,2023-09-12 18:41:47,뉴띵,"""3일차 인증입니다!""",2023-09,2023-09-12,18,Tuesday,Not defined
700,2023-09-12 18:59:04,꾸자사모,"""3일차 인증합니다~https://cafe.naver.com/roalnam/16684""
",2023-09,2023-09-12,18,Tuesday,Not defined
701,2023-09-12 18:59:54,꾸자사모,"""사진""",2023-09,2023-09-12,18,Tuesday,Not defined
702,2023-09-12 19:42:31,happygiver,"""3일차 인증입니다~! https://cafe.naver.com/roalnam/16633""",2023-09,2023-09-12,19,Tuesday,Not defined
703,2023-09-12 19:42:49,happygiver,"""happygiver님이 나갔습니다.""",2023-09,2023-09-12,19,Tuesday,Not defined
704,2023-09-12 19:43:59,happygiver,"""happygiver님이 들어왔습니다.""",2023-09,2023-09-12,19,Tuesday,Not defined
705,2023-09-12 19:43:59,오픈채팅봇,"""안녕하세요 [로알남 X 작심 2주 챌린지]에 참여해주심에 감사드립니다. 
1-3일차는 미션이 주어질 예정이니 해당 미션은 공지사항을 확인해주시면 됩니다 :)""
",2023-09,2023-09-12,19,Tuesday,Bot
706,2023-09-12 19:44:23,happygiver,"""잘못나가서 다시 들어왔슴다 ^.^""",2023-09,2023-09-12,19,Tuesday,Not defined
707,2023-09-12 19:45:16,강지윤 - 노비스,"""https://cafe.naver.com/roalnam/16686""",2023-09,2023-09-12,19,Tuesday,노비스
708,2023-09-12 19:46:29,스틴_노비스,"""https://cafe.naver.com/roalnam/16665?tc=shared_link""",2023-09,2023-09-12,19,Tuesday,노비스
709,2023-09-12 19:46:44,스틴_노비스,"""https://cafe.naver.com/roalnam/16682?tc=shared_link""",2023-09,2023-09-12,19,Tuesday,노비스
710,2023-09-12 19:46:59,스틴_노비스,"""2일차 3일차 인증합니다!""",2023-09,2023-09-12,19,Tuesday,노비스
711,2023-09-12 19:47:15,스틴_노비스,"""다들 고생 많으셨어요 """,2023-09,2023-09-12,19,Tuesday,노비스
712,2023-09-12 19:47:18,스틴_노비스,"""맛점하세요""",2023-09,2023-09-12,19,Tuesday,노비스
713,2023-09-12 19:47:29,월 순수익 2억,"""진짜 다들 대단하십니다!!!!""",2023-09,2023-09-12,19,Tuesday,Not defined
714,2023-09-12 19:47:34,월 순수익 2억,"""그래도 저녁은 드시고 하세요~!!!""",2023-09,2023-09-12,19,Tuesday,Not defined
715,2023-09-12 19:47:43,월 순수익 2억,"""맛저하세요👍""",2023-09,2023-09-12,19,Tuesday,Not defined
716,2023-09-12 20:01:30,nj48 - 노비스,"""이제 학원 끝나고 포스팅하러 갑니당""",2023-09,2023-09-12,20,Tuesday,노비스
717,2023-09-12 20:03:07,폭풍성장-노비스,"""https://cafe.naver.com/roalnam/16688?tc=shared_link3일차 인증합니다~""
",2023-09,2023-09-12,20,Tuesday,노비스
718,2023-09-12 20:20:42,정성우,"""인증 하시는 분들 파이팅입니다~!""",2023-09,2023-09-12,20,Tuesday,Not defined
719,2023-09-12 20:20:43,정성우,"""멋지세요""",2023-09,2023-09-12,20,Tuesday,Not defined
720,2023-09-12 20:20:48,정성우,"""작심삼일이 겹치면 작심 10일이쥬~""",2023-09,2023-09-12,20,Tuesday,Not defined
721,2023-09-12 20:25:40,아이스조다-노비스,"""https://cafe.naver.com/roalnam/16693""",2023-09,2023-09-12,20,Tuesday,노비스
722,2023-09-12 20:25:48,아이스조다-노비스,"""3일차 입니다!""",2023-09,2023-09-12,20,Tuesday,노비스
723,2023-09-12 21:34:34,ruby,"""https://cafe.naver.com/roalnam/16700""",2023-09,2023-09-12,21,Tuesday,Not defined
724,2023-09-12 21:34:41,ruby,"""3일차 인증입니다!""",2023-09,2023-09-12,21,Tuesday,Not defined
725,2023-09-12 21:37:02,호호 부는 튜브,"""혹시 66일 챌린지는 아무때나 시작하면 되는건가요 ??""",2023-09,2023-09-12,21,Tuesday,Not defined
726,2023-09-12 21:37:59,글로리 - 운영진,"""66일 챌린지는 종료되었습니다 ㅎㅎ""",2023-09,2023-09-12,21,Tuesday,운영진
727,2023-09-12 21:38:31,호호 부는 튜브,"""답변 감사합니다! """,2023-09,2023-09-12,21,Tuesday,Not defined
728,2023-09-12 21:46:03,캠린이쓰,"""https://m.cafe.naver.com/roalnam/16696""",2023-09,2023-09-12,21,Tuesday,Not defined
729,2023-09-12 21:46:23,캠린이쓰,"""3일차 인증합니다! 오늘도 고생 많으셨습니다!""",2023-09,2023-09-12,21,Tuesday,Not defined
730,2023-09-12 22:03:08,다올,"""https://cafe.naver.com/roalnam/16704""",2023-09,2023-09-12,22,Tuesday,Not defined
731,2023-09-12 22:05:29,김현아,"""미래에셋 박현주 회장님께서 해주신 조언, 저만 알수는 없어서 정리해서 올립니다. (그날 메모를 할 틈은 없었고 술도 많이 마셔서 빠지거나 오류가 있을 수 있습니다.)삶과 관련하여
1. 나이가 아니라 건강이 중요하다.
2. 30대 초는 아주 힘들고 중요한 시기다. 하루에 16시간씩 전쟁을 치른다 생각해야 한다.
3. 자기 관리는 생체 실험 수준으로 한다. 가장 정신이 맑은 심박수와 혈당량까지 알고 중요한 결정은 그때 한다.
4. 삶을 어떻게 살지는 누가 정해줄 수 없다. 자신이 정하는 것이고 남이 어떻게 사는지에 대해 왈가왈부할 필요 없다. 그건 가족도 마찬가지다.
창업과 관련하여
1. 사업가는 떨어지는 것도 잡을 줄 알아야 한다. 관전자가 되어서는 안 된다. 상황이 안 좋게 바뀌더라도 그 상황을 내 사업에 어떻게 활용할지 답을 낼 수 있어야 한다. 그러려면 평소에 사회 현상이나 사물을 그냥 보는 것이 아니라 그 의미에 대해 깊이 있게 이해하는 연습을 해야 한다. 독서도 많이 해야 한다.
2. 창업은 특정 역치까지 도달하는 게임이다. 거기에 도달하고 나면 의외로 그 뒤는 더 쉽다.
3. 자신의 엣지를 가져야 한다. 큰 시장 본다고 제너럴한 사업을 하는 것은 성공하기도 힘들고 창업이라 보기도 힘들다.
4. 성공하는 사업가와 그렇지 못한 사업가는 집중력 차이다. 얼마나 한자리에 앉아 오래 집중할 수 있는지가 성패를 가르는 가장 중요한 자질이다.
5. 금융도 기업도 사회 시스템의 일부다. 돈이 된다고 선을 넘는 행동을 하면 안 된다. 돈 욕심에 선을 넘나드는 회사들은 결국 롱런하지 못한다. 자신이 잘하는 것에 집중하고 사회적 이해관계에 대해서도 배려해야 한다.
6. 지금 한국 창업자들은 사회 구조상 결국 해외로 나갈 수밖에 없다. 해외 시장은 무조건 봐야 한다. 단 해외시장에서 시행착오를 해도 방어할 수 있는 현금 창출 능력을 한국에서 먼저 만들어 놓아야 한다.
7. 인도네시아 베트남 시장은 앞으로 좋은 기회가 있는 시장이다. 미국 일본은 좋은 시장이지만 너무 똑똑한 플레이어가 많고 일본의 경우 외국 회사들에 대해 보수적인 관점이 존재해서 뚫기가 쉽지 않다.
자산과 관련하여
1. 직접 하는 것만이 성장하는 방법은 아니다. 적정한 시점에 자산을 인수하는 것도 중요한 경영 역량이다.
2. 싸고 좋은 것을 인수한다는 개념은 애초에 틀린 개념이다. 인수해서 시너지를 낼 수 있는 좋은 회사라면 가격은 중요하지 않다. 보통 한두 해만 지나도 본전을 찾는다. 좋은 것을 제값에 인수한다 생각해야 한다.
3.  자신이 모르는 분야의 자산에 대해서는 조심하는 것이 좋다. 자신이 잘 아는 분야의 자산은 인수하고 어떤 일이 벌어질지 생각보다 쉽게 보인다.
4. 금융 축소기가 도래했다. 미래에셋은 금융 확장기의 큰 흐름 속에서 탄생한 회사다. 우리도 과거의 성공 방식에 집착하지 않고 축소기에 어떻게 생존해야 하는지 계열사 사장들과 치열하게 고민하고 있다. 스타트업들도 지주회사 체계로 합병하는 등 생존 방식에 대해 고민을 해보는 것도 좋다.
박태영
---------------
퍼온 글입니다~!""
",2023-09,2023-09-12,22,Tuesday,Not defined
732,2023-09-12 22:06:01,김현아,"""내용이 좋아서 공유해봅니다. 오늘 하루도 다들 수고 많으셨습니다!⭐️⭐️""",2023-09,2023-09-12,22,Tuesday,Not defined
733,2023-09-12 22:06:50,김현아,"""다들 건강 관리 잘 하시기!!건강이 최우선입니당💪💪""
",2023-09,2023-09-12,22,Tuesday,Not defined
734,2023-09-12 22:09:32,클레버썬,"""https://m.cafe.naver.com/roalnam/166853일차업로드하고 여기에인증은 안올렸네요ㅠ""
",2023-09,2023-09-12,22,Tuesday,Not defined
735,2023-09-12 22:12:24,저요저,"""https://cafe.naver.com/roalnam/16705""",2023-09,2023-09-12,22,Tuesday,Not defined
736,2023-09-12 22:36:27,린뀨파파-노비스,"""https://cafe.naver.com/roalnam/16707""",2023-09,2023-09-12,22,Tuesday,노비스
737,2023-09-12 22:47:26,현재의지금,"""https://cafe.naver.com/roalnam/16710""",2023-09,2023-09-12,22,Tuesday,Not defined
738,2023-09-12 22:47:30,현재의지금,"""3일차 미션 인증합니당""",2023-09,2023-09-12,22,Tuesday,Not defined
739,2023-09-12 22:56:39,전재경,"""https://cafe.naver.com/roalnam/16711""",2023-09,2023-09-12,22,Tuesday,Not defined
740,2023-09-12 22:58:18,잇찬 - 노비스,"""https://cafe.naver.com/roalnam/16712?tc=shared_link표스팅 곧 업로드 예정입니다.
""
",2023-09,2023-09-12,22,Tuesday,노비스
741,2023-09-12 23:14:08,배한결,"""작심 2주 챌린지 3일차 인증합니다https://cafe.naver.com/roalnam?iframe_url_utf8=%2FArticleRead.nhn%253Fclubid%3D30935751%2526articleid%3D16709%2526commentFocus%3Dtrue""
",2023-09,2023-09-12,23,Tuesday,Not defined
742,2023-09-12 23:24:47,cometrue,"""작심 2주 챌린지 3주차 인증합니다!https://cafe.naver.com/roalnam/16717""
",2023-09,2023-09-12,23,Tuesday,Not defined
743,2023-09-12 23:25:40,nj48 - 노비스,"""https://cafe.naver.com/roalnam/16716""",2023-09,2023-09-12,23,Tuesday,노비스
744,2023-09-12 23:25:46,nj48 - 노비스,"""3일차 인증합니다.""",2023-09,2023-09-12,23,Tuesday,노비스
745,2023-09-12 23:26:35,대형사고,"""https://cafe.naver.com/roalnam/16719""",2023-09,2023-09-12,23,Tuesday,Not defined
746,2023-09-12 23:27:27,동농이-노비스,"""https://cafe.naver.com/roalnam/16721?boardType=L3일차 인증입니당""
",2023-09,2023-09-12,23,Tuesday,노비스
747,2023-09-12 23:29:39,현정-노비즈,"""https://cafe.naver.com/roalnam/167233일차 인증입니다.^^""
",2023-09,2023-09-12,23,Tuesday,Not defined
748,2023-09-12 23:56:34,mean88,"""https://cafe.naver.com/roalnam/16726""",2023-09,2023-09-12,23,Tuesday,Not defined
749,2023-09-12 23:56:41,mean88,"""3일차 인증입니다!!""",2023-09,2023-09-12,23,Tuesday,Not defined
750,2023-09-13 00:03:59,칼스,"""https://cafe.naver.com/roalnam?iframe_url_utf8=%2FArticleRead.nhn%253Fclubid%3D30935751%2526articleid%3D16728""",2023-09,2023-09-13,0,Wednesday,Not defined
751,2023-09-13 00:04:03,칼스,"""칼스 3일차 인증입니다""",2023-09,2023-09-13,0,Wednesday,Not defined
752,2023-09-13 00:16:09,별별 - 노비스,"""https://cafe.naver.com/roalnam/16732""",2023-09,2023-09-13,0,Wednesday,노비스
753,2023-09-13 00:16:18,별별 - 노비스,"""3일차 인증입니다~~""",2023-09,2023-09-13,0,Wednesday,노비스
754,2023-09-13 00:16:26,별별 - 노비스,"""모두모두 화이팅입니다~""",2023-09,2023-09-13,0,Wednesday,노비스
755,2023-09-13 00:16:39,별별 - 노비스,"""오늘 로알남님 라방도 넘 좋았어요^^""",2023-09,2023-09-13,0,Wednesday,노비스
756,2023-09-13 00:19:38,칼스,"""라방 일정 공지가 혹시 따로잇나요?""",2023-09,2023-09-13,0,Wednesday,Not defined
757,2023-09-13 00:20:23,태평양금붕어,"""https://cafe.naver.com/roalnam/16734?tc=shared_link""",2023-09,2023-09-13,0,Wednesday,Not defined
758,2023-09-13 00:20:32,태평양금붕어,"""3일차 인증이요!!""",2023-09,2023-09-13,0,Wednesday,Not defined
759,2023-09-13 00:20:56,별별 - 노비스,"""로알남님의 유튜브에 커뮤니티 탭 보시면 공지 일정이 있었어요~""",2023-09,2023-09-13,0,Wednesday,노비스
760,2023-09-13 00:21:22,칼스,"""별별님 답변주셔서 감사합니다""",2023-09,2023-09-13,0,Wednesday,Not defined
761,2023-09-13 00:21:55,별별 - 노비스,"""아닙니다^^ 그런게 눈에 안들어 올때가 있더라구요~ """,2023-09,2023-09-13,0,Wednesday,노비스
762,2023-09-13 00:35:52,GL혼혈-노비스,"""https://cafe.naver.com/roalnam/16735""",2023-09,2023-09-13,0,Wednesday,노비스
763,2023-09-13 01:03:39,잇찬 - 노비스,"""포스팅 업로드하여 사진첨부 후 수정완료입니다.""",2023-09,2023-09-13,1,Wednesday,노비스
764,2023-09-13 01:28:28,무감정,"""3일차 인증 완료입니다.https://cafe.naver.com/roalnam/16738""
",2023-09,2023-09-13,1,Wednesday,Not defined
765,2023-09-13 01:51:15,글로리 - 운영진,"""1일 차 미션- 1) 워드프레스에 입문 하게 된 계기 ( 현재 하고 있는 일, 고충 등 )
2) 로알남 유튜브 영상(쇼츠 포함) 가장 인상 깊었던 영상과 이유, 목표 월 수익
2일 차 미션 - 
1) 완전한 디지털 노마드가 되었을 때 원하는 나의 하루 일과
2) 카페 게시판 로알남 칼럼 중 가장 인상 깊었던 글 링크와 함께 이유 
3일 차 미션 - 
1) 월 수익 목표를 찍으면 가장 먼저 하고 싶은 일은?
2) 로마드 네트워킹에 들어오면서, 어떤 부분들이 가장 장점이었는지
4일차 ~ 14일차 미션
1) 하루 하루 챌린지를 참여하면서 느끼고 있는 부분
2) 워드프레스 포스팅을 하면서 오늘 어려운 부분이 없었는지 
15일차 미션
1) 완주 소감
2) 참여하고 난 이후 어떤 부분이 달라졌는지
게시글 작성 후 채팅방에 해당일차 인증 메세지와 함께 링크 보내주시면 됩니다.""
",2023-09,2023-09-13,1,Wednesday,운영진
766,2023-09-13 01:51:18,글로리 - 운영진,"""톡게시판 '공지': 1일 차 미션- 1) 워드프레스에 입문 하게 된 계기 ( 현재 하고 있는 일, 고충 등 )
2) 로알남 유튜브 영상(쇼츠 포함) 가장 인상 깊었던 영상과 이유, 목표 월 수익
2일 차 미션 - 
1) 완전한 디지털 노마드가 되었을 때 원하는 나의 하루 일과
2) 카페 게시판 로알남 칼럼 중 가장 인상 깊었던 글 링크와 함께 이유 
3일 차 미션 - 
1) 월 수익 목표를 찍으면 가장 먼저 하고 싶은 일은?
2) 로마드 네트워킹에 들어오면서, 어떤 부분들이 가장 장점이었는지
4일차 ~ 14일차 미션
1) 하루 하루 챌린지를 참여하면서 느끼고 있는 부분
2) 워드프레스 포스팅을 하면서 오늘 어려운 부분이 없었는지 
15일차 미션
1) 완주 소감
2) 참여하고 난 이후 어떤 부분이 달라졌는지
게시글 작성 후 채팅방에 해당일차 인증 메세지와 함께 링크 보내주시면 됩니다.""
",2023-09,2023-09-13,1,Wednesday,운영진
767,2023-09-13 01:51:24,릴모,"""https://cafe.naver.com/roalnam/16740 3일차입니다!""",2023-09,2023-09-13,1,Wednesday,Not defined
768,2023-09-13 02:04:09,Doori,"""https://cafe.naver.com/roalnam/16743""",2023-09,2023-09-13,2,Wednesday,Not defined
769,2023-09-13 02:04:14,Doori,"""3일차 인증합니다.""",2023-09,2023-09-13,2,Wednesday,Not defined
770,2023-09-13 02:48:45,오아시스 - 노비스,"""https://cafe.naver.com/roalnam/16744 4일차 인증합니다.""",2023-09,2023-09-13,2,Wednesday,노비스
771,2023-09-13 03:43:21,김래아,"""https://cafe.naver.com/roalnam/16745?tc=shared_link 3일차 인증입니다. 너무 늦은시간에 죄송합니다🤯""",2023-09,2023-09-13,3,Wednesday,Not defined
772,2023-09-13 04:18:01,요슬시계,"""https://cafe.naver.com/roalnam/16746?boardType=L""",2023-09,2023-09-13,4,Wednesday,Not defined
773,2023-09-13 04:18:06,요슬시계,"""4일차 인중합니다!""",2023-09,2023-09-13,4,Wednesday,Not defined
774,2023-09-13 06:30:39,불나게 일하는 네오,"""https://cafe.naver.com/roalnam/16747?boardType=L""",2023-09,2023-09-13,6,Wednesday,Not defined
775,2023-09-13 06:31:02,불나게 일하는 네오,"""3일차 인증합니다~♡""",2023-09,2023-09-13,6,Wednesday,Not defined
776,2023-09-13 09:44:16,김현아,"""오늘 하루도 다들 홧팅입니다!!!💪🔥🔥""",2023-09,2023-09-13,9,Wednesday,Not defined
777,2023-09-13 09:53:28,노란배추잎-노비스,"""다들 화이팅이요!!""",2023-09,2023-09-13,9,Wednesday,노비스
778,2023-09-13 09:56:06,슈퍼노멀,"""좋은아침이요 화이팅 !""",2023-09,2023-09-13,9,Wednesday,Not defined
779,2023-09-13 09:57:26,올이지 - 운영진,"""다들 행복한 하루 되세용~!""",2023-09,2023-09-13,9,Wednesday,운영진
780,2023-09-13 09:59:10,조희,"""벌써 4일차 인증! 대단하십니다 ㅎㅎ""",2023-09,2023-09-13,9,Wednesday,Not defined
781,2023-09-13 09:59:18,조희,"""모두 화이팅입니다💪""",2023-09,2023-09-13,9,Wednesday,Not defined
782,2023-09-13 10:03:47,와인농장 - 노비스,"""https://cafe.naver.com/roalnam/16751?boardType=L3일차 인증합니다~""
",2023-09,2023-09-13,10,Wednesday,노비스
783,2023-09-13 10:16:31,빛락,"""https://cafe.naver.com/roalnam/16752""",2023-09,2023-09-13,10,Wednesday,Not defined
784,2023-09-13 10:16:42,빛락,"""인증입니다!""",2023-09,2023-09-13,10,Wednesday,Not defined
785,2023-09-13 10:25:52,졸린 라이언,"""https://cafe.naver.com/roalnam/16753 4일차인증합니다""",2023-09,2023-09-13,10,Wednesday,Not defined
786,2023-09-13 10:40:22,얼동식-노비스,"""https://cafe.naver.com/roalnam/16754?tc=shared_link4일차 인증합니다.""
",2023-09,2023-09-13,10,Wednesday,노비스
787,2023-09-13 10:42:28,글로리 - 운영진,"""다들 화이팅입니다 :) """,2023-09,2023-09-13,10,Wednesday,운영진
788,2023-09-13 11:04:42,박지운 - 노비스,"""https://cafe.naver.com/roalnam/167564일차 인증입니다""
",2023-09,2023-09-13,11,Wednesday,노비스
789,2023-09-13 11:07:30,Young Studio - 노비스,"""https://cafe.naver.com/roalnam/16757?boardType=L """,2023-09,2023-09-13,11,Wednesday,노비스
790,2023-09-13 11:18:16,현정-노비즈,"""https://cafe.naver.com/roalnam/167594일차 인증 합니다.""
",2023-09,2023-09-13,11,Wednesday,Not defined
791,2023-09-13 11:33:06,우마드,"""https://cafe.naver.com/roalnam/16773?boardType=L""",2023-09,2023-09-13,11,Wednesday,Not defined
792,2023-09-13 11:34:05,보기맘 - 노비스,"""https://cafe.naver.com/roalnam/16642""",2023-09,2023-09-13,11,Wednesday,노비스
793,2023-09-13 11:34:11,보기맘 - 노비스,"""3일차 인증입니다!""",2023-09,2023-09-13,11,Wednesday,노비스
794,2023-09-13 11:43:23,타주,"""https://cafe.naver.com/roalnam/16775""",2023-09,2023-09-13,11,Wednesday,Not defined
795,2023-09-13 11:43:27,타주,"""3일차 인증입니다!""",2023-09,2023-09-13,11,Wednesday,Not defined
796,2023-09-13 11:44:07,정성우,"""https://cafe.naver.com/roalnam/16774""",2023-09,2023-09-13,11,Wednesday,Not defined
797,2023-09-13 11:44:10,정성우,"""3일차 인증입니다 휴""",2023-09,2023-09-13,11,Wednesday,Not defined
798,2023-09-13 11:44:12,정성우,"""세이프!!!!!!!!""",2023-09,2023-09-13,11,Wednesday,Not defined
799,2023-09-13 11:44:16,정성우,"""어제 새벽2시에써놓고 글을 안썻네여""",2023-09,2023-09-13,11,Wednesday,Not defined
800,2023-09-13 11:46:31,마에-노비스,"""https://cafe.naver.com/roalnam/16776""",2023-09,2023-09-13,11,Wednesday,노비스
801,2023-09-13 11:46:34,마에-노비스,"""3일차 인증합니다!""",2023-09,2023-09-13,11,Wednesday,노비스
802,2023-09-13 11:47:26,불나게 일하는 네오,"""https://cafe.naver.com/roalnam/16777?boardType=L""",2023-09,2023-09-13,11,Wednesday,Not defined
803,2023-09-13 11:47:40,불나게 일하는 네오,"""점심 만나게 드세요~♡""",2023-09,2023-09-13,11,Wednesday,Not defined
804,2023-09-13 11:52:07,설꿍이-노비스,"""https://cafe.naver.com/roalnam/16779 3일째입니다 늦었어요 ㅠ """,2023-09,2023-09-13,11,Wednesday,노비스
805,2023-09-13 11:57:25,lifehacker,"""https://cafe.naver.com/roalnam/16780?boardType=L""",2023-09,2023-09-13,11,Wednesday,Not defined
806,2023-09-13 11:59:22,아이스크림 든 네오,"""https://cafe.naver.com/roalnam/16782""",2023-09,2023-09-13,11,Wednesday,Not defined
807,2023-09-13 12:00:32,노란배추잎-노비스,"""https://cafe.naver.com/roalnam/16783""",2023-09,2023-09-13,12,Wednesday,노비스
808,2023-09-13 12:01:01,노란배추잎-노비스,"""다들 글쓰기 화이팅 하시고 맛점하세용!!""",2023-09,2023-09-13,12,Wednesday,노비스
809,2023-09-13 12:02:15,아이스조다-노비스,"""https://cafe.naver.com/roalnam/16784""",2023-09,2023-09-13,12,Wednesday,노비스
810,2023-09-13 12:02:35,아이스조다-노비스,"""4일차 입니다.""",2023-09,2023-09-13,12,Wednesday,노비스
811,2023-09-13 12:40:22,귀여운고래-노비스-,"""https://cafe.naver.com/roalnam/16785?tc=shared_link4일차 입니다.""
",2023-09,2023-09-13,12,Wednesday,노비스
812,2023-09-13 12:45:08,안지-노비스,"""https://cafe.naver.com/roalnam/16787?tc=shared_link 4일차 미션 인증합니다!""",2023-09,2023-09-13,12,Wednesday,노비스
813,2023-09-13 12:50:47,양손 엄지척 무지,"""https://m.cafe.naver.com/roalnam/16786""",2023-09,2023-09-13,12,Wednesday,Not defined
814,2023-09-13 12:51:00,양손 엄지척 무지,"""4일차 미션인증 입니다 ! 모듀들 화이팅 하세요 👍🏼""",2023-09,2023-09-13,12,Wednesday,Not defined
815,2023-09-13 13:20:51,배당귀족 - 노비스,"""파이팅 입니다. 이 중에 첫 날에 68명 정도 미션을 완주했는데 셋째날에도 69명이 미션을 완주했네요. 결론을 내어보면 일단 한번 하기만 하면 계속할 수 있다 입니다. 이 인원대로 끝까지 모두 완주합시다. 파이팅입니다.!""",2023-09,2023-09-13,13,Wednesday,노비스
816,2023-09-13 13:21:23,꾸자사모,"""가시죱!!!""",2023-09,2023-09-13,13,Wednesday,Not defined
817,2023-09-13 13:39:15,용지 - 노비스,"""퐈이팅입니닷!""",2023-09,2023-09-13,13,Wednesday,노비스
818,2023-09-13 13:39:15,용지 - 노비스,"""https://cafe.naver.com/roalnam/16789""",2023-09,2023-09-13,13,Wednesday,노비스
819,2023-09-13 13:39:18,용지 - 노비스,"""4일차입니다""",2023-09,2023-09-13,13,Wednesday,노비스
820,2023-09-13 13:49:25,꼬마이엔티,"""https://cafe.naver.com/roalnam/16790?tc=shared_link""",2023-09,2023-09-13,13,Wednesday,Not defined
821,2023-09-13 13:49:36,꼬마이엔티,"""4일차 인증합니다~ 다들 화이팅!!!""",2023-09,2023-09-13,13,Wednesday,Not defined
822,2023-09-13 13:49:53,쏘 노비스,"""https://cafe.naver.com/roalnam/16791 4일차 인증합니다! 오늘도 홧팅하세요~~""",2023-09,2023-09-13,13,Wednesday,노비스
823,2023-09-13 14:15:42,JJF,"""삭제된 메시지입니다.""",2023-09,2023-09-13,14,Wednesday,Not defined
824,2023-09-13 14:16:06,JJF,"""https://cafe.naver.com/roalnam/167924일차 인증합니다!
워프가 예약 발행을 놓치는 경우도 있군요. 중요한 포스팅하실 때 확인이 필요하겠네요. 참고가 되시길 바랍니다 :)""
",2023-09,2023-09-13,14,Wednesday,Not defined
825,2023-09-13 14:22:27,글로리 - 운영진,"""오후도 화이팅입니다! ㅎㅎ""",2023-09,2023-09-13,14,Wednesday,운영진
826,2023-09-13 14:24:01,김현아,"""화이팅!!!""",2023-09,2023-09-13,14,Wednesday,Not defined
827,2023-09-13 15:53:04,쏘니헨리/월천부자,"""https://cafe.naver.com/roalnam/16799 4일차 인증 합니다 !! """,2023-09,2023-09-13,15,Wednesday,Not defined
828,2023-09-13 16:18:09,호호 부는 튜브,"""https://cafe.naver.com/roalnam/168014일차 인증입니다~""
",2023-09,2023-09-13,16,Wednesday,Not defined
829,2023-09-13 16:33:31,포토잼이 노비스,"""https://cafe.naver.com/roalnam/16802?boardType=L""",2023-09,2023-09-13,16,Wednesday,노비스
830,2023-09-13 16:42:02,배당귀족 - 노비스,"""https://naver.me/GOz4lkP5""",2023-09,2023-09-13,16,Wednesday,노비스
831,2023-09-13 16:49:15,새로운도약,"""https://cafe.naver.com/roalnam/16803 4일차 완료입니다 !""",2023-09,2023-09-13,16,Wednesday,Not defined
832,2023-09-13 17:14:22,레미⭐️,"""https://cafe.naver.com/roalnam/16806""",2023-09,2023-09-13,17,Wednesday,Not defined
833,2023-09-13 17:30:07,글쟁이,"""글쟁이님이 나갔습니다.""",2023-09,2023-09-13,17,Wednesday,Not defined
834,2023-09-13 17:55:34,스태디,"""https://cafe.naver.com/roalnam/16809?tc=shared_link""",2023-09,2023-09-13,17,Wednesday,Not defined
835,2023-09-13 18:54:41,린뀨파파-노비스,"""https://cafe.naver.com/roalnam/16816""",2023-09,2023-09-13,18,Wednesday,노비스
836,2023-09-13 18:59:20,ruby,"""https://cafe.naver.com/roalnam/16817""",2023-09,2023-09-13,18,Wednesday,Not defined
837,2023-09-13 18:59:33,ruby,"""오늘 미션 완료입니다!""",2023-09,2023-09-13,18,Wednesday,Not defined
838,2023-09-13 19:06:09,잇찬 - 노비스,"""https://cafe.naver.com/roalnam/168184일차 미션 완료입니다.""
",2023-09,2023-09-13,19,Wednesday,노비스
839,2023-09-13 19:45:26,꾸자사모,"""4일차 미션 완료입니당~https://cafe.naver.com/roalnam/16822""
",2023-09,2023-09-13,19,Wednesday,Not defined
840,2023-09-13 19:52:27,전재경,"""https://cafe.naver.com/roalnam/16823""",2023-09,2023-09-13,19,Wednesday,Not defined
841,2023-09-13 20:14:13,클레버썬,"""https://cafe.naver.com/roalnam/16825""",2023-09,2023-09-13,20,Wednesday,Not defined
842,2023-09-13 20:14:17,클레버썬,"""4일차 인증합니다-!""",2023-09,2023-09-13,20,Wednesday,Not defined
843,2023-09-13 20:26:09,칼스,"""https://cafe.naver.com/roalnam/16826""",2023-09,2023-09-13,20,Wednesday,Not defined
844,2023-09-13 20:26:15,칼스,"""칼스 4일차 인증합니다""",2023-09,2023-09-13,20,Wednesday,Not defined
845,2023-09-13 20:28:51,강지윤 - 노비스,"""https://cafe.naver.com/roalnam/16827""",2023-09,2023-09-13,20,Wednesday,노비스
846,2023-09-13 20:29:14,강지윤 - 노비스,"""4일차 완료! 다들 편한 저녁 보내세요:)""",2023-09,2023-09-13,20,Wednesday,노비스
847,2023-09-13 20:34:40,바미애미 - 노비스,"""삭제된 메시지입니다.""",2023-09,2023-09-13,20,Wednesday,노비스
848,2023-09-13 20:35:24,바미애미 - 노비스,"""삭제된 메시지입니다.""",2023-09,2023-09-13,20,Wednesday,노비스
849,2023-09-13 20:36:03,바미애미 - 노비스,"""https://cafe.naver.com/roalnam/168294일차 미션 완료 죄송합니다.. 제가 계속 다른걸 인증했네요 ㅠㅠ 죄송합니당 ㅜㅜ""
",2023-09,2023-09-13,20,Wednesday,노비스
850,2023-09-13 20:39:35,저니,"""https://cafe.naver.com/roalnam/168304일차 인증입니당~""
",2023-09,2023-09-13,20,Wednesday,Not defined
851,2023-09-13 21:02:07,rosita,"""rosita님이 나갔습니다.""",2023-09,2023-09-13,21,Wednesday,Not defined
852,2023-09-13 21:02:37,nj48 - 노비스,"""https://cafe.naver.com/roalnam/16833""",2023-09,2023-09-13,21,Wednesday,노비스
853,2023-09-13 21:02:42,nj48 - 노비스,"""4일차입니다.""",2023-09,2023-09-13,21,Wednesday,노비스
854,2023-09-13 21:04:02,보기맘 - 노비스,"""[4일차] 챌린지 4일차 미션 출처 : 로마드 | 네이버 카페""",2023-09,2023-09-13,21,Wednesday,노비스
855,2023-09-13 21:04:14,보기맘 - 노비스,"""포스팅은 추후 글수정으로 인증하겟숨당!""",2023-09,2023-09-13,21,Wednesday,노비스
856,2023-09-13 21:10:10,무감정,"""4일차 인증 완료입니다. https://cafe.naver.com/roalnam/16832?tc=shared_link""",2023-09,2023-09-13,21,Wednesday,Not defined
857,2023-09-13 21:22:51,김현아,"""앜ㅋㅋㅋㅋㅋㅋ 썸네일보고 바로 눌렀는데 의외의 인물이 등장!! ㅋㅋㅋ 다들 오늘도 수고하셨습니다🔥🔥""",2023-09,2023-09-13,21,Wednesday,Not defined
858,2023-09-13 21:24:18,mean88,"""https://cafe.naver.com/roalnam/16837""",2023-09,2023-09-13,21,Wednesday,Not defined
859,2023-09-13 21:24:26,mean88,"""4일차 인증 완료입니다""",2023-09,2023-09-13,21,Wednesday,Not defined
860,2023-09-13 21:34:42,Young Studio - 노비스,"""https://cafe.naver.com/roalnam/16839?boardType=L""",2023-09,2023-09-13,21,Wednesday,노비스
861,2023-09-13 21:53:39,대형사고,"""4일차미션12시까지인가요?""",2023-09,2023-09-13,21,Wednesday,Not defined
862,2023-09-13 22:17:15,폭풍성장-노비스,"""https://cafe.naver.com/roalnam/16841?tc=shared_link4일차 인증합니다 ""
",2023-09,2023-09-13,22,Wednesday,노비스
863,2023-09-13 22:27:05,스틴_노비스,"""https://cafe.naver.com/roalnam""",2023-09,2023-09-13,22,Wednesday,노비스
864,2023-09-13 22:27:24,스틴_노비스,"""4일차 인증합니다 """,2023-09,2023-09-13,22,Wednesday,노비스
865,2023-09-13 22:27:29,스틴_노비스,"""즐거운 저녁 보내세요!""",2023-09,2023-09-13,22,Wednesday,노비스
866,2023-09-13 22:31:03,정성우,"""4일차인증 멋지십니다!""",2023-09,2023-09-13,22,Wednesday,Not defined
867,2023-09-13 22:49:14,하드위키,"""https://cafe.naver.com/roalnam/168464일차도 인증합니다~^^""
",2023-09,2023-09-13,22,Wednesday,Not defined
868,2023-09-13 22:49:24,글로리 - 운영진,"""다들 멋지십니다🥺🥺🥺🥺""",2023-09,2023-09-13,22,Wednesday,운영진
869,2023-09-13 22:51:39,월 순수익 2억,"""다들 열심히하시네요!!! 너무 멋지십니다!!! 화이팅🫡🫡""",2023-09,2023-09-13,22,Wednesday,Not defined
870,2023-09-13 22:55:59,대형사고,"""https://cafe.naver.com/roalnam/16847""",2023-09,2023-09-13,22,Wednesday,Not defined
871,2023-09-13 23:04:10,릴모,"""https://cafe.naver.com/roalnam/16848오늘도 수고하셨습니다!""
",2023-09,2023-09-13,23,Wednesday,Not defined
872,2023-09-13 23:27:44,별별 - 노비스,"""4일차 미션 완료!! 모두 화이팅입니다^~^https://cafe.naver.com/roalnam/16851""
",2023-09,2023-09-13,23,Wednesday,노비스
873,2023-09-13 23:29:18,뉴띵,"""https://cafe.naver.com/roalnam/16853""",2023-09,2023-09-13,23,Wednesday,Not defined
874,2023-09-13 23:29:22,뉴띵,"""4일차 미션완료했습니다""",2023-09,2023-09-13,23,Wednesday,Not defined
875,2023-09-13 23:30:37,GL혼혈-노비스,"""https://cafe.naver.com/roalnam/16854""",2023-09,2023-09-13,23,Wednesday,노비스
876,2023-09-13 23:30:40,GL혼혈-노비스,"""완료입니다!ㅎㅎ""",2023-09,2023-09-13,23,Wednesday,노비스
877,2023-09-13 23:37:55,캠린이쓰,"""https://naver.me/GmfonUNW""",2023-09,2023-09-13,23,Wednesday,Not defined
878,2023-09-13 23:38:06,캠린이쓰,"""4일차 인증합니다!""",2023-09,2023-09-13,23,Wednesday,Not defined
879,2023-09-13 23:57:03,허성빈,"""다들 늦은 시간에도 고생이 많으십니다. 곧 있음 절반 완료네요.""",2023-09,2023-09-13,23,Wednesday,Not defined
880,2023-09-13 23:57:15,현재의지금,"""https://cafe.naver.com/roalnam/16856""",2023-09,2023-09-13,23,Wednesday,Not defined
881,2023-09-13 23:57:35,현재의지금,"""4일차 미션 인증이요!""",2023-09,2023-09-13,23,Wednesday,Not defined
882,2023-09-14 00:04:15,저요저,"""https://cafe.naver.com/roalnam/16857?tc=shared_link""",2023-09,2023-09-14,0,Thursday,Not defined
883,2023-09-14 00:31:30,happygiver,"""4일차 인증입니다. https://cafe.naver.com/roalnam/16852""",2023-09,2023-09-14,0,Thursday,Not defined
884,2023-09-14 00:38:21,태평양금붕어,"""https://cafe.naver.com/roalnam/16860?tc=shared_link""",2023-09,2023-09-14,0,Thursday,Not defined
885,2023-09-14 00:38:32,태평양금붕어,"""4일차 인증이요!! 이만 자러 감니다""",2023-09,2023-09-14,0,Thursday,Not defined
